<?xml version="1.0"?>
<Maths Locale="English_United States.1252" DefaultLocale="C" Id="avg front height">
 <MathItems>
  <MathExpression Id="AVG Front Height" DisplayUnit="in" DisplayDPS="2" DisplayColorIndex="0" Interpolate="1" Script="('Ride Height FL' [in]+'Ride Height FR' [in])/2" SampleRate="0" Unit="in"/>
  <MathExpression Id="Splitter Height Diff" DisplayUnit="in" DisplayDPS="2" DisplayColorIndex="1" Interpolate="1" Script="'AVG Front Height' [in]-'Ride Height FS' [in]" SampleRate="0" Unit="in"/>
  <MathExpression Id="RF Splitter Height" DisplayUnit="in" DisplayDPS="2" DisplayColorIndex="0" Interpolate="1" Script="'Ride Height FR' [in]-'Splitter Height Diff'" SampleRate="0" Unit="in"/>
  <MathExpression Id="LF Splitter Height" DisplayUnit="in" DisplayDPS="2" DisplayColorIndex="4" Interpolate="1" Script="'Ride Height FL' [in]-'Splitter Height Diff'" SampleRate="0" Unit="in"/>
  <MathExpression Id="Front Shock Force Difference" DisplayUnit="lbf" DisplayDPS="2" DisplayColorIndex="0" Interpolate="1" Script="'RFSHshockForce' [lbf]-'LFSHshockForce' [lbf]" SampleRate="0" Unit="lbf"/>
  <MathExpression Id="LS to RS Splitter Diff" DisplayUnit="in" DisplayDPS="2" DisplayColorIndex="0" Interpolate="1" Script="'RF Splitter Height' [in] - 'LF Splitter Height' [in]" SampleRate="0" Unit="in"/>
  <MathExpression Id="Average LF Temp" DisplayUnit="F" DisplayDPS="2" DisplayColorIndex="0" Interpolate="1" Script="('Tyre Temp FL Centre' [C] + 'Tyre Temp FL Inner' [C] +  'Tyre Temp FL Outer' [C]) / 3" SampleRate="0" Unit="C"/>
  <MathExpression Id="Average RF Temp" DisplayUnit="F" DisplayDPS="2" DisplayColorIndex="1" Interpolate="1" Script="('Tyre Temp FR Centre' [C] + 'Tyre Temp FR Inner' [C] + 'Tyre Temp FR Outer' [C]) / 3" SampleRate="0" Unit="F"/>
  <MathExpression Id="LF Tire Build" DisplayUnit="psi" DisplayDPS="2" DisplayColorIndex="0" Interpolate="1" Script="'LFpressure' [psi]-'CarSetup_Tires_LeftFront_ColdPressure' [psi]" SampleRate="0" Unit="psi"/>
  <MathExpression Id="RF Tire Build" DisplayUnit="psi" DisplayDPS="2" DisplayColorIndex="1" Interpolate="1" Script="'RFpressure' [psi]-'CarSetup_Tires_RightFront_ColdPressure' [psi]" SampleRate="0" Unit="psi"/>
  <MathExpression Id="LR Tire Build" DisplayUnit="psi" DisplayDPS="2" DisplayColorIndex="2" Interpolate="1" Script="'LRpressure' [psi]-'CarSetup_Tires_LeftRear_ColdPressure' [psi]" SampleRate="0" Unit="psi"/>
  <MathExpression Id="RR Tire Build" DisplayUnit="psi" DisplayDPS="2" DisplayColorIndex="3" Interpolate="1" Script="'RRpressure' [psi]-'CarSetup_Tires_RightRear_ColdPressure' [psi]" SampleRate="0" Unit="psi"/>
  <MathExpression Id="RF Travel" DisplayUnit="in" DisplayDPS="2" DisplayColorIndex="0" Interpolate="1" Script="'CarSetup_Chassis_RightFront_RideHeight' [in] - 'Ride Height FR' [in]" SampleRate="0" Unit="in"/>
  <MathExpression Id="LF Travel" DisplayUnit="in" DisplayDPS="2" DisplayColorIndex="4" Interpolate="1" Script="'CarSetup_Chassis_LeftFront_RideHeight' [in]-'Ride Height FL' [in]" SampleRate="0" Unit="in"/>
  <MathExpression Id="LR Travel" DisplayUnit="in" DisplayDPS="2" DisplayColorIndex="3" Interpolate="1" Script="'CarSetup_Chassis_LeftRear_RideHeight' [in]-'Ride Height RL' [in]" SampleRate="0" Unit="in"/>
  <MathExpression Id="RR Travel" DisplayUnit="in" DisplayDPS="2" DisplayColorIndex="1" Interpolate="1" Script="'CarSetup_Chassis_RightRear_RideHeight' [in]-'Ride Height RR' [in]" SampleRate="0" Unit="in"/>
 </MathItems>
</Maths>
