<?xml version="1.0"?>
<Maths Locale="English_United States.1252" DefaultLocale="C" Id="User">
 <MathConstants>
  <MathConstant Name="ArbMM2Inch" Value="25.45454545454545" Unit=""/>
  <MathConstant Name="ArbPreloadmm2ftlbs" Value="0.1927710843373494" Unit=""/>
  <MathConstant Name="CubicInch2CubicFt" Value="1728" Unit=""/>
  <MathConstant Name="Engine_BTU_EQ_Reducer" Value="7.466" Unit=""/>
  <MathConstant Name="inch2meters" Value="0.0254" Unit=""/>
  <MathConstant Name="Kg2Pounds" Value="2.204623" Unit=""/>
  <MathConstant Name="kpa2lbsi" Value="0.145" Unit=""/>
  <MathConstant Name="LF_Nmm2InLbs" Value="5.70866" Unit=""/>
  <MathConstant Name="LittleGravity" Value="9.80665" Unit="m/s/s"/>
  <MathConstant Name="LRRubBlockHeight" Value=".5" Unit=""/>
  <MathConstant Name="MeterSecondsToMPH" Value="2.23694" Unit=""/>
  <MathConstant Name="mmToInch" Value="25.4" Unit=""/>
  <MathConstant Name="Mph2FeetPerSec" Value="1.466667" Unit=""/>
  <MathConstant Name="MtoInchConverter" Value="39.3701" Unit=""/>
  <MathConstant Name="Newton2Pounds" Value="4.446743" Unit=""/>
  <MathConstant Name="NextGenCamShaftHeight" Value="12" Unit=""/>
  <MathConstant Name="NextGenTireDiameterLeft" Value="28.17" Unit="in"/>
  <MathConstant Name="NextGenTireDiameterRight" Value="28.53" Unit="in"/>
  <MathConstant Name="NextGenTireWidth" Value="14" Unit=""/>
  <MathConstant Name="NextGenTrackWidth" Value="79" Unit="in"/>
  <MathConstant Name="NextGenWheelBase" Value="110" Unit="in"/>
  <MathConstant Name="Nmm2InLbs" Value="5.714286" Unit=""/>
  <MathConstant Name="Pi" Value="3.14159265359" Unit=""/>
  <MathConstant Name="ThermalEfficiency" Value=".3" Unit=""/>
  <MathConstant Name="TruckCamShaftHeightEst" Value="12" Unit=""/>
  <MathConstant Name="TruckTrackWidth" Value="80" Unit="in"/>
  <MathConstant Name="TruckWheelBase" Value="110" Unit="in"/>
 </MathConstants>
 <MathItems>
  <MathExpression Comment="Ride Height Functions Divider" Id="Ride Height Functions" DisplayDPS="2" DisplayColorIndex="2" Interpolate="1" Script="1" SampleRate="0" Unit=""/>
  <MathExpression Id="Front Center RH" DisplayUnit="in" DisplayDPS="2" DisplayColorIndex="2" Interpolate="1" Script="('Ride Height FR' [in] + 'Ride Height FL' [in]) / 2 " SampleRate="0" Unit="in"/>
  <MathExpression Id="Rear Center RH" DisplayUnit="in" DisplayDPS="2" DisplayColorIndex="2" Interpolate="1" Script="('Ride Height RR' [in] + 'Ride Height RL' [in]) /2 " SampleRate="0" Unit="in"/>
  <MathExpression Id="Center Rake" DisplayUnit="in" DisplayDPS="2" DisplayColorIndex="4" Interpolate="1" Script="'Rear Center RH' [in] - 'Front Center RH' [in]" SampleRate="0" Unit="in"/>
  <MathExpression Id="Smooth Center Rake" DisplayUnit="in" DisplayDPS="2" DisplayColorIndex="4" Interpolate="1" Script="smooth('Center Rake' [in], 20)" SampleRate="0" Unit="in"/>
  <MathExpression Id="Smooth FS Height" DisplayUnit="in" DisplayDPS="2" DisplayColorIndex="5" Interpolate="1" Script="smooth('FS Height' [in], 20)" SampleRate="0" Unit="in"/>
  <MathExpression Id="Smooth Side Rake" DisplayUnit="in" DisplayDPS="2" DisplayColorIndex="6" Interpolate="1" Script="smooth('Side Rake' [in], 20)" SampleRate="0" Unit="in"/>
  <MathExpression Comment="Just a remap of letters for readability
" Id="RF Ride Height" DisplayUnit="in" DisplayDPS="2" DisplayColorIndex="0" Interpolate="1" Script="'Ride Height FR' [in]" SampleRate="0" Unit="in"/>
  <MathExpression Comment="Just a remap of letters for readability" Id="LF Ride Height" DisplayUnit="in" DisplayDPS="2" DisplayColorIndex="1" Interpolate="1" Script="'Ride Height FL' [in]" SampleRate="0" Unit="in"/>
  <MathExpression Comment="Just a remap of letters for readability" Id="FS Height" DisplayUnit="in" DisplayDPS="2" DisplayColorIndex="2" Interpolate="1" Script="'Ride Height FS' [in]" SampleRate="0" Unit="in"/>
  <MathExpression Comment="Just a remap of letters for readability" Id="RR Ride Height" DisplayUnit="in" DisplayDPS="2" DisplayColorIndex="3" Interpolate="1" Script="'Ride Height RR' [in]" SampleRate="0" Unit="in"/>
  <MathExpression Comment="Just a remap of letters for readability" Id="LR Ride Height" DisplayUnit="in" DisplayDPS="2" DisplayColorIndex="7" Interpolate="1" Script="'Ride Height RL' [in]" SampleRate="0" Unit="in"/>
  <MathExpression Comment="22S3 removed LR block.  Minus .5 puts LR Height on same plane" Id="LR Height - Rub Block" DisplayUnit="in" DisplayDPS="2" DisplayColorIndex="7" Interpolate="1" Script="'Ride Height RL' [in] -.5" SampleRate="0" Unit="in"/>
  <MathExpression Id="Side Rake" DisplayUnit="in" DisplayDPS="2" DisplayColorIndex="1" Interpolate="1" Script="(('Ride Height RR' [in] + 'Ride Height FR' [in]) / 2 ) - (('LR Ride Height' [in] + 'Ride Height FL' [in] ) / 2 ) " SampleRate="0" Unit="in"/>
  <MathExpression Id="Inverted Side Rake" DisplayUnit="in" DisplayDPS="2" DisplayColorIndex="2" Interpolate="1" Script="'Side Rake' [in] * -1
" SampleRate="0" Unit="in"/>
  <MathExpression Id="Smooth Front Center Height" DisplayUnit="in" DisplayDPS="2" DisplayColorIndex="3" Interpolate="1" Script="smooth('Front Center RH' [in], 20)" SampleRate="0" Unit="in"/>
  <MathExpression Id="Center Rake FS" DisplayUnit="in" DisplayDPS="2" DisplayColorIndex="2" Interpolate="1" Script="(('Ride Height RR' [in] +  'LR Ride Height' [in] ) /2)  - 'CFSRrideHeight' [in]" SampleRate="0" Unit="in"/>
  <MathExpression Comment="Aero Functions Divider" Id="Aero Functions" DisplayDPS="2" DisplayColorIndex="1" Interpolate="1" Script="2" SampleRate="0" Unit=""/>
  <MathExpression Id="NextGen Slope" DisplayDPS="2" DisplayColorIndex="3" Interpolate="1" Script="92 / 'Center Rake' [in] " SampleRate="0" Unit=""/>
  <MathExpression Comment="Wheel Spin Functions Divider" Id="Wheel Spin Functions" DisplayDPS="2" DisplayColorIndex="3" Interpolate="1" Script="3" SampleRate="0" Unit=""/>
  <MathExpression Id="LR Speed - FWD Speed" DisplayDPS="2" DisplayColorIndex="6" Interpolate="1" Script="'Wheel Speed RL' [mph] - 'Corr Speed' [mph]

 " SampleRate="0" Unit=""/>
  <MathExpression Id="RR Speed - FWD Speed" DisplayDPS="2" DisplayColorIndex="3" Interpolate="1" Script="'Wheel Speed RR' [mph] - 'Corr Speed' [mph]

" SampleRate="0" Unit=""/>
  <MathExpression Id="LF Speed - FWD Speed" DisplayDPS="2" DisplayColorIndex="1" Interpolate="1" Script="'Wheel Speed FL' [mph] -'Corr Speed' [mph]" SampleRate="0" Unit=""/>
  <MathExpression Id="RF Speed - FWD Speed" DisplayDPS="2" DisplayColorIndex="4" Interpolate="1" Script="'Wheel Speed FR' [mph] - 'Corr Speed' [mph]" SampleRate="0" Unit=""/>
  <MathExpression Id="Wheel Spin Difference" DisplayUnit="%" DisplayDPS="2" DisplayColorIndex="0" Interpolate="1" Script="(('Wheel Speed RR' [mph] - 'Wheel Speed RL' [mph]) / 'Wheel Speed RL' [mph]) * 100" SampleRate="0" Unit="%"/>
  <MathExpression Id="LR Speed vs FWD Speed Percentage" DisplayUnit="%" DisplayDPS="2" DisplayColorIndex="2" Interpolate="1" Script="(('Wheel Speed RL' [mph] -'Speed' [mph] ) / 'Wheel Speed RL' [mph]) * 100" SampleRate="0" Unit="%"/>
  <MathExpression Id="RR Speed vs FWD Speed Percentage" DisplayUnit="%" DisplayDPS="2" DisplayColorIndex="3" Interpolate="1" Script="(('Wheel Speed RR' [mph]- 'Speed' [mph])/'Wheel Speed RR' [mph] ) * 100" SampleRate="0" Unit="%"/>
  <MathExpression Id="WheelTorq2GRatio" DisplayDPS="2" DisplayColorIndex="0" Interpolate="1" Script="'G Force Lat' [G]/'Steering Wheel Torque' [N.m]" SampleRate="0" Unit=""/>
  <MathExpression Comment="Diffuser Functions Divider" Id="Diffuser Functions" DisplayDPS="2" DisplayColorIndex="4" Interpolate="1" Script="4" SampleRate="0" Unit=""/>
  <MathExpression Comment="Not Used" Id="Diffuser Base Volume" DisplayUnit="cft" DisplayDPS="2" DisplayColorIndex="1" Interpolate="1" Script="('Front Center RH' [in] * 'NextGenWheelBase' [in] * 'NextGenTrackWidth' [in]) / 'CubicInch2CubicFt' []" SampleRate="0" Unit="cft"/>
  <MathExpression Comment="Not Used" Id="Diffuser Wedge Volume" DisplayUnit="cft" DisplayDPS="2" DisplayColorIndex="1" Interpolate="1" Script="('NextGenTrackWidth' [in] * ( 'Front Center RH' [in]-'Rear Center RH' [in]) * sqrt(sqr('NextGenWheelBase' [in])  + sqr('Rear Center RH' [in] - 'Front Center RH' [in]) / 2 )) / 'CubicInch2CubicFt' []" SampleRate="0" Unit="cft"/>
  <MathExpression Comment="Not Used" Id="Diffuser Volume" DisplayUnit="cft" DisplayDPS="2" DisplayColorIndex="5" Interpolate="1" Script="'Diffuser Base Volume' [cft] + 'Diffuser Wedge Volume' [cft]" SampleRate="0" Unit="cft"/>
  <MathExpression Comment="Not used" Id="Diffuser Volume to Speed Ratio" DisplayUnit="ratio" DisplayDPS="2" DisplayColorIndex="6" Interpolate="1" Script="'Diffuser Volume' [cft] /'Ground Speed' [mph] * 100" SampleRate="0" Unit="ratio"/>
  <MathExpression Comment="Not Used" Id="Smooth Diffuser Volume" DisplayUnit="cft" DisplayDPS="2" DisplayColorIndex="7" Interpolate="1" Script="smooth('Diffuser Volume' [cft], 20)" SampleRate="0" Unit="cft"/>
  <MathExpression Comment="Not Used" Id="Smooth Diffuser Speed 2 Volume Ratio" DisplayUnit="%" DisplayDPS="2" DisplayColorIndex="0" Interpolate="1" Script="smooth('Diffuser Volume to Speed Ratio' [%], 20)" SampleRate="0" Unit="%"/>
  <MathExpression Comment="Not Used" Id="Smooth Diffuser Wedge" DisplayDPS="2" DisplayColorIndex="0" Interpolate="1" Script="smooth('Diffuser Wedge Volume' [cft], 20)" SampleRate="0" Unit=""/>
  <MathExpression Comment="Not Used" Id="Smooth Diffuser Base" DisplayUnit="cft" DisplayDPS="2" DisplayColorIndex="0" Interpolate="1" Script="smooth('Diffuser Base Volume' [cft], 20)" SampleRate="0" Unit="cft"/>
  <MathExpression Comment="Tire Functions Line Divider" Id="Tire Functions " DisplayDPS="2" DisplayColorIndex="5" Interpolate="1" Script="5" SampleRate="0" Unit=""/>
  <MathExpression Id="RF Pressure Change" DisplayUnit="psi" DisplayDPS="1" DisplayColorIndex="1" Interpolate="1" Script="'Tyre Pres FR' [psi] - ('CarSetup_Tires_RightFront_ColdPressure' [psi] )

" SampleRate="0" Unit="psi"/>
  <MathExpression Id="LF Pressure Change" DisplayUnit="psi" DisplayDPS="1" DisplayColorIndex="2" Interpolate="1" Script="'Tyre Pres FL' [psi] - ('CarSetup_Tires_LeftFront_ColdPressure' [psi] )" SampleRate="0" Unit="psi"/>
  <MathExpression Id="LR Pressure Change" DisplayUnit="psi" DisplayDPS="1" DisplayColorIndex="3" Interpolate="1" Script="'Tyre Pres RL' [psi] - ('CarSetup_Tires_LeftRear_ColdPressure' [psi] )" SampleRate="0" Unit="psi"/>
  <MathExpression Id="RR Pressure Change" DisplayUnit="psi" DisplayDPS="1" DisplayColorIndex="4" Interpolate="1" Script="'Tyre Pres RR' [psi] - ('CarSetup_Tires_RightRear_ColdPressure' [psi])" SampleRate="0" Unit="psi"/>
  <MathExpression Id="LF Tire Temp Avg" DisplayUnit="F" DisplayDPS="0" DisplayColorIndex="0" Interpolate="1" Script="('Tyre Temp FL Centre' [F] + 'Tyre Temp FL Inner' [F] + 'Tyre Temp FL Outer' [F]) / 3" SampleRate="0" Unit="F"/>
  <MathExpression Id="RF Tire Temp Avg" DisplayUnit="F" DisplayDPS="0" DisplayColorIndex="1" Interpolate="1" Script="('Tyre Temp FR Centre' [F] + 'Tyre Temp FR Inner' [F] + 'Tyre Temp FR Outer' [F]) /3" SampleRate="0" Unit="F"/>
  <MathExpression Id="LR Tire Temp Avg" DisplayUnit="F" DisplayDPS="0" DisplayColorIndex="2" Interpolate="1" Script="('Tyre Temp RL Centre' [F]+'Tyre Temp RL Inner' [F]+ 'Tyre Temp RL Outer' [F]) /3" SampleRate="0" Unit="F"/>
  <MathExpression Id="RR Tire Temp Avg" DisplayUnit="F" DisplayDPS="2" DisplayColorIndex="3" Interpolate="1" Script="('Tyre Temp RR Centre' [F] + 'Tyre Temp RR Inner' [F]+ 'Tyre Temp RR Outer' [F]) / 3" SampleRate="0" Unit="F"/>
  <MathExpression Id="LF-RR Tire Temp Avg" DisplayUnit="F" DisplayDPS="2" DisplayColorIndex="4" Interpolate="1" Script="('LF Tire Temp Avg' [F] + 'RR Tire Temp Avg' [F]) /2
" SampleRate="0" Unit="F"/>
  <MathExpression Id="RF-LR Tire Temp Avg" DisplayUnit="F" DisplayDPS="2" DisplayColorIndex="5" Interpolate="1" Script="('RF Tire Temp Avg' [F] + 'LR Tire Temp Avg' [F]) /2" SampleRate="0" Unit="F"/>
  <MathExpression Id="Cross Temp Difference" DisplayDPS="2" DisplayColorIndex="6" Interpolate="1" Script="'LF-RR Tire Temp Avg' [F] - 'RF-LR Tire Temp Avg' [F]" SampleRate="0" Unit=""/>
  <MathExpression Id="Front Tire Temp Avg" DisplayUnit="F" DisplayDPS="0" DisplayColorIndex="0" Interpolate="1" Script="('LF Tire Temp Avg' [F] + 'RF Tire Temp Avg' [F]) / 2" SampleRate="0" Unit="F"/>
  <MathExpression Id="Rear Tire Temp Avg" DisplayUnit="F" DisplayDPS="2" DisplayColorIndex="1" Interpolate="1" Script="('LR Tire Temp Avg' [F]+'RR Tire Temp Avg' [F]) / 2" SampleRate="0" Unit="F"/>
  <MathExpression Id="Front Tire Cold PSI Stagger" DisplayUnit="psi" DisplayDPS="1" DisplayColorIndex="1" Interpolate="1" Script="'RF Cold Pressure' -'LF Cold Pressure'" SampleRate="0" Unit="psi"/>
  <MathExpression Id="Rear Tire Cold PSI Stagger" DisplayUnit="psi" DisplayDPS="1" DisplayColorIndex="1" Interpolate="1" Script="'RR Cold Pressure' - 'LR Cold Pressure'" SampleRate="0" Unit="psi"/>
  <MathExpression Id="Front Tire Hot PSI Stagger" DisplayUnit="psi" DisplayDPS="1" DisplayColorIndex="2" Interpolate="1" Script="'Tyre Pres FR' [psi]-'Tyre Pres FL' [psi]" SampleRate="0" Unit="psi"/>
  <MathExpression Id="Rear Tire Hot PSI Stagger" DisplayUnit="psi" DisplayDPS="1" DisplayColorIndex="2" Interpolate="1" Script="'Tyre Pres RR' [psi] - 'Tyre Pres RL' [psi]" SampleRate="0" Unit="psi"/>
  <MathExpression Id="Rear PSI Stagger Change" DisplayUnit="psi" DisplayDPS="1" DisplayColorIndex="4" Interpolate="1" Script="'Rear Tire Hot PSI Stagger' [psi] - 'Rear Tire Cold PSI Stagger' [psi]" SampleRate="0" Unit="psi"/>
  <MathExpression Id="Front PSI Stagger Change" DisplayUnit="psi" DisplayDPS="1" DisplayColorIndex="5" Interpolate="1" Script="'Front Tire Hot PSI Stagger' [psi] - 'Front Tire Cold PSI Stagger' [psi]" SampleRate="0" Unit="psi"/>
  <MathExpression Comment="Engine Dyno Functions Divider" Id="Engine Dyno Functions" DisplayDPS="2" DisplayColorIndex="6" Interpolate="1" Script="6" SampleRate="0" Unit=""/>
  <MathExpression Id="Horsepower" DisplayDPS="2" DisplayColorIndex="6" Interpolate="1" Script="'ThermalEfficiency' [] * 'FuelUsePerHour' [kg/h] * 'Kg2Pounds' [] * 'Engine_BTU_EQ_Reducer' []" SampleRate="0" Unit=""/>
  <MathExpression Id="Engine Torque" DisplayDPS="2" DisplayColorIndex="1" Interpolate="1" Script="('Horsepower' * 5252) / 'RPM' [rpm]" SampleRate="0" Unit=""/>
  <MathExpression Comment="Not used" Id="Brake Specific Fuel Consumption" DisplayDPS="2" DisplayColorIndex="7" Interpolate="1" Script="('FuelUsePerHour' [kg/h] * 'Kg2Pounds' [])/ 'Horsepower'" SampleRate="0" Unit=""/>
  <MathExpression Comment="Not used" Id="Avg Power" DisplayDPS="2" DisplayColorIndex="5" Interpolate="1" Script="('Horsepower' + 'Engine Torque') / 2" SampleRate="0" Unit=""/>
  <MathExpression Comment="CoG Functions Divider" Id="CoG Functions" DisplayDPS="2" DisplayColorIndex="7" Interpolate="1" Script="7" SampleRate="0" Unit=""/>
  <MathExpression Id="COGHeight" DisplayUnit="in" DisplayDPS="2" DisplayColorIndex="1" Interpolate="1" Script="'Front Center Static Ride Height' [in] + 'TruckCamShaftHeightEst' []" SampleRate="0" Unit="in"/>
  <MathExpression Id="LateralGToWeight" DisplayUnit="m/s/s" DisplayDPS="2" DisplayColorIndex="0" Interpolate="1" Script="'G Force Lat' [G]/'LittleGravity' [m/s/s]" SampleRate="0" Unit="m/s/s"/>
  <MathExpression Id="CenterLineCOG" DisplayUnit="in" DisplayDPS="3" DisplayColorIndex="1" Interpolate="1" Script=" ( 'TruckTrackWidth' [in] /2) -('TruckTrackWidth' [in]  * ('Left Dist' [%]/ 100))" SampleRate="0" Unit="in"/>
  <MathExpression Id="FrontToRearCOG" DisplayUnit="in" DisplayDPS="3" DisplayColorIndex="2" Interpolate="1" Script=" (  'TruckWheelBase' [in]  * ('CarSetup_Chassis_Front_NoseWeight' [%] / 100)) -('TruckWheelBase' [in] / 2) " SampleRate="0" Unit="in"/>
  <MathExpression Id="Gforce Functions" DisplayDPS="2" DisplayColorIndex="0" Interpolate="1" Script="8" SampleRate="0" Unit=""/>
  <MathExpression Id="Smooth Verical G" DisplayUnit="G" DisplayDPS="2" DisplayColorIndex="3" Interpolate="1" Script="Smooth('G Force Vert' [G], 16)" SampleRate="0" Unit="G"/>
  <MathExpression Id="Gforce Ratio" DisplayUnit="ratio" DisplayDPS="2" DisplayColorIndex="5" Interpolate="1" Script="atan('G Force Lat' [G] / 'G Force Long' [G])" SampleRate="0" Unit="ratio"/>
  <MathExpression Id="Vert DF per MPH" DisplayUnit="ft/s/s" DisplayDPS="2" DisplayColorIndex="0" Interpolate="1" Script="smooth (('Corr Speed' [mph] / 'G Force Vert' [ft/s/s]) , 16)" SampleRate="0" Unit="ft/s/s"/>
  <MathExpression Id="Gsum" DisplayUnit="G" DisplayDPS="2" DisplayColorIndex="0" Interpolate="1" Script="sqrt(('G Force Lat' [G]^2) + ('G Force Long' [G]^2))" SampleRate="0" Unit="G"/>
  <MathExpression Comment="Line divider placeholder" Id="Misc Functions" DisplayDPS="2" DisplayColorIndex="1" Interpolate="1" Script="9" SampleRate="0" Unit=""/>
  <MathExpression Comment="not used" Id="GforceTotal" DisplayUnit="N" DisplayDPS="2" DisplayColorIndex="0" Interpolate="1" Script="'G Force Lat' [G]/'G Force Long' [G]" SampleRate="0" Unit="N"/>
  <MathExpression Id="Smooth Wheel Torque" DisplayUnit="in.lbf" DisplayDPS="2" DisplayColorIndex="0" Interpolate="1" Script="smooth('Steering Wheel Torque' [ft.lbf], 16)" SampleRate="0" Unit="in.lbf"/>
  <MathExpression Id="Corner Radius" DisplayUnit="ft" DisplayDPS="2" DisplayColorIndex="0" Interpolate="1" Script="( 'Speed' [ft/s] * 'Speed' [ft/s]) / 'G Force Lat' [ft/s/s]" SampleRate="0" Unit="ft"/>
  <MathExpression Id="Dynamic CoG Height" DisplayDPS="2" DisplayColorIndex="1" Interpolate="1" Script=" 'Smooth Front Center Height' [in] + 'TruckCamShaftHeightEst' []" SampleRate="0" Unit=""/>
  <MathExpression Id="On Brakes" DisplayDPS="2" DisplayColorIndex="0" Interpolate="1" Script="choose('G Force Long' [G] &lt; -0.3, 1, 0)" SampleRate="0" Unit=""/>
  <MathExpression Id="Wheel Spin RF" DisplayUnit="ratio" DisplayDPS="2" DisplayColorIndex="1" Interpolate="1" Script="('Wheel Speed FR' [mph] / (.5 * ('Wheel Speed RL' [mph] + 'Wheel Speed RR' [mph]) ) * 100 ) -100" SampleRate="0" Unit="ratio"/>
  <MathExpression Id="Wheel Spin LF" DisplayUnit="ratio" DisplayDPS="2" DisplayColorIndex="2" Interpolate="1" Script="('Wheel Speed FL' [mph] / (.5 * ('Wheel Speed RL' [mph] + 'Wheel Speed RR' [mph]) ) * 100 ) -100" SampleRate="0" Unit="ratio"/>
  <MathExpression Id="Wheel Spin RR" DisplayUnit="ratio" DisplayDPS="2" DisplayColorIndex="3" Interpolate="1" Script="('Wheel Speed RR' [mph] / (.5 * ('Wheel Speed FL' [mph] + 'Wheel Speed FR' [mph]) ) * 100 ) -100" SampleRate="0" Unit="ratio"/>
  <MathExpression Id="Wheel Spin LR" DisplayUnit="ratio" DisplayDPS="2" DisplayColorIndex="4" Interpolate="1" Script="('Wheel Speed RL' [mph] / (.5 * ('Wheel Speed FL' [mph] + 'Wheel Speed FR' [mph]) ) * 100 ) -100" SampleRate="0" Unit="ratio"/>
  <MathExpression Id="LatGLoose" DisplayDPS="2" DisplayColorIndex="0" Interpolate="1" Script="'G Force Lat' [G] - 'Steer Angle' [deg]" SampleRate="0" Unit=""/>
  <MathExpression Id="RR Shock Defl Delta" DisplayUnit="in" DisplayDPS="2" DisplayColorIndex="3" Interpolate="1" Script="smooth('RRshockDefl' [in] - 'RR Shock Static Defl' [in], 16)" SampleRate="0" Unit="in"/>
  <MathExpression Id="RF Shock Defl Delta" DisplayUnit="in" DisplayDPS="2" DisplayColorIndex="4" Interpolate="1" Script="smooth('RFshockDefl' [in] - 'RF Shock Static Defl' [in],16)" SampleRate="0" Unit="in"/>
  <MathExpression Id="LF Shock Defl Delta" DisplayUnit="in" DisplayDPS="2" DisplayColorIndex="1" Interpolate="1" Script="smooth('LFshockDefl' [in] - 'LF Shock Static Defl' [in],16)" SampleRate="0" Unit="in"/>
  <MathExpression Id="LR Shock Defl Delta" DisplayUnit="in" DisplayDPS="2" DisplayColorIndex="5" Interpolate="1" Script="smooth('LRshockDefl' [in] - 'LR Shock Static Defl' [in],16)" SampleRate="0" Unit="in"/>
  <MathExpression Id="RF RH Delta" DisplayUnit="in" DisplayDPS="2" DisplayColorIndex="7" Interpolate="1" Script="'RF Static Ride Height' - 'RF Ride Height' [in]" SampleRate="0" Unit="in"/>
  <MathExpression Id="LF RH Delta" DisplayUnit="in" DisplayDPS="2" DisplayColorIndex="0" Interpolate="1" Script=" 'LF Static Ride Height' -'LF Ride Height' [in]" SampleRate="0" Unit="in"/>
  <MathExpression Id="LR RH Delta" DisplayUnit="in" DisplayDPS="2" DisplayColorIndex="1" Interpolate="1" Script="'LR Static Ride Height' - 'LR Ride Height' [in]" SampleRate="0" Unit="in"/>
  <MathExpression Id="RR RH Delta" DisplayUnit="in" DisplayDPS="2" DisplayColorIndex="2" Interpolate="1" Script="'RR Static Ride Height' - 'RR Ride Height' [in]" SampleRate="0" Unit="in"/>
  <MathExpression Id="RF Tire Defl" DisplayUnit="in" DisplayDPS="2" DisplayColorIndex="6" Interpolate="1" Script="'RF RH Delta' [in]  -'RF Shock Defl Delta' [in]" SampleRate="0" Unit="in"/>
  <MathExpression Id="LF Tire Defl" DisplayUnit="in" DisplayDPS="2" DisplayColorIndex="3" Interpolate="1" Script="'LF RH Delta' [in]  -'LF Shock Defl Delta' [in]" SampleRate="0" Unit="in"/>
  <MathExpression Id="RR Tire Defl" DisplayUnit="in" DisplayDPS="2" DisplayColorIndex="4" Interpolate="1" Script="'RR RH Delta' [in]  -'RR Shock Defl Delta' [in]" SampleRate="0" Unit="in"/>
  <MathExpression Id="LR Tire Defl" DisplayUnit="in" DisplayDPS="2" DisplayColorIndex="5" Interpolate="1" Script="'LR RH Delta' [in]  -'LR Shock Defl Delta' [in]" SampleRate="0" Unit="in"/>
 </MathItems>
</Maths>
