<?xml version="1.0"?>
<Overrides Locale="English_United States.1252" DefaultLocale="C">
 <Override Id="Air Temp Inlet" DisplayMax="332.149993999999992" DisplayMin="272.149993999999992" AutoScale="0"/>
 <Override Id="Bat Volts ADL" DisplayMax="15.000000000000000" DisplayMin="10.000000000000000" AutoScale="0"/>
 <Override Id="Brake" DisplayDPS="0"/>
 <Override Id="CFSRrideHeight" DisplayDPS="2" DisplayUnit="in"/>
 <Override Id="Center Rake" AutoScale="0" DisplayMin="-0.002539998628401" DisplayMax="0.025399986284007"/>
 <Override Id="Corr Speed" DisplayMax="69.291209046660256" DisplayMin="0.000000000000000" DisplayUnit="mph" AutoScale="0"/>
 <Override Id="Damper Pos FL" DisplayDPS="2"/>
 <Override Id="Damper Pos FR" DisplayDPS="2"/>
 <Override Id="Damper Pos RL" DisplayDPS="2"/>
 <Override Id="Damper Pos RR" DisplayDPS="2"/>
 <Override Id="Eng Oil Pres" DisplayMax="600000.000000000000000" DisplayMin="0.000000000000000" AutoScale="0"/>
 <Override Id="Eng Oil Temp" DisplayMax="382.038888888888948" DisplayMin="272.038888888888891" DisplayUnit="F" AutoScale="0" DisplayColorIndex="7" DisplayDPS="0"/>
 <Override Id="Engine RPM" DisplayMax="1047.197551198102246" DisplayMin="0.000000000000000" AutoScale="0" DisplayDPS="0"/>
 <Override Id="Engine Temp" DisplayMax="382.149993999999992" DisplayMin="272.149993999999992" AutoScale="0"/>
 <Override Id="Fuel Pres" DisplayMax="600000.000000000000000" DisplayMin="0.000000000000000" AutoScale="0"/>
 <Override Id="G Force Lat" DisplayMax="19.613303999999999" DisplayMin="-19.613303999999999" AutoScale="0"/>
 <Override Id="G Force Long" DisplayMax="14.709978000000000" DisplayMin="-14.709978000000000" AutoScale="0"/>
 <Override Id="Ground Speed" DisplayDPS="0" DisplayUnit="mph"/>
 <Override Id="LFSHshockDefl" DisplayDPS="2" DisplayUnit="in"/>
 <Override Id="LFshockDefl" DisplayDPS="2" DisplayUnit="in"/>
 <Override Id="LR Wheel Spin" DisplayColorIndex="6"/>
 <Override Id="LRshockDefl" DisplayDPS="2" DisplayUnit="in"/>
 <Override Id="Lambda 1" DisplayMax="1.100000000000000" DisplayMin="0.800000000000000" AutoScale="0"/>
 <Override Id="Lambda 2" DisplayMax="1.100000000000000" DisplayMin="0.800000000000000" AutoScale="0"/>
 <Override Id="Manifold Pres" DisplayMax="249999.984375000000000" DisplayMin="0.000000000000000" AutoScale="0"/>
 <Override Id="NextGen Rake Angle" DisplayDPS="5"/>
 <Override Id="Oversteer" DisplayMax="0.104720000000000" DisplayMin="-0.104720000000000" AutoScale="0"/>
 <Override Id="RFshockDefl" DisplayDPS="2" DisplayUnit="in"/>
 <Override Id="RPM" DisplayDPS="0"/>
 <Override Id="RR Wheel Spin" DisplayColorIndex="3"/>
 <Override Id="RRshockDefl" DisplayDPS="2" DisplayUnit="in"/>
 <Override Id="Ride Height FL" DisplayDPS="2" DisplayMin="-0.006349996571002" DisplayUnit="in" AutoScale="0" DisplayColorIndex="1" DisplayMax="0.101599945136030"/>
 <Override Id="Ride Height FR" DisplayDPS="2" DisplayMin="-0.006349996571002" DisplayUnit="in" AutoScale="0" DisplayColorIndex="3" DisplayMax="0.101599945136030"/>
 <Override Id="Ride Height FS" DisplayDPS="2" DisplayMin="-0.006349996571002" DisplayUnit="in" AutoScale="0" DisplayMax="0.101599945136030"/>
 <Override Id="Ride Height RL" DisplayDPS="2" DisplayMin="-0.006349996571002" DisplayUnit="in" AutoScale="0" DisplayMax="0.101599945136030"/>
 <Override Id="Ride Height RR" DisplayDPS="2" DisplayMin="-0.006349996571002" DisplayUnit="in" AutoScale="0" DisplayMax="0.101599945136030"/>
 <Override Id="Speed" DisplayUnit="mph" DisplayDPS="1"/>
 <Override Id="Steered Angle" DisplayMax="0.174533000000000" DisplayMin="-0.174533000000000" AutoScale="0"/>
 <Override Id="Steering Wheel Angle" DisplayDPS="0" DisplayUnit="deg"/>
 <Override Id="Susp Pos FL" DisplayDPS="2"/>
 <Override Id="Susp Pos FR" DisplayDPS="2"/>
 <Override Id="Susp Pos RL" DisplayDPS="2"/>
 <Override Id="Susp Pos RR" DisplayDPS="2"/>
 <Override Id="Throttle" DisplayDPS="0"/>
 <Override Id="Throttle Pos" DisplayMax="1.000000000000000" DisplayMin="0.000000000000000" AutoScale="0"/>
 <Override Id="Truck Rake Angle" DisplayUnit="deg"/>
 <Override Id="Tyre Temp FL Centre" DisplayColorIndex="1" DisplayDPS="0" DisplayUnit="F"/>
 <Override Id="Tyre Temp FL Inner" DisplayColorIndex="1" DisplayDPS="0" DisplayUnit="F"/>
 <Override Id="Tyre Temp FL Outer" DisplayColorIndex="1" DisplayDPS="0" DisplayUnit="F"/>
 <Override Id="Tyre Temp FR Centre" DisplayDPS="0" DisplayUnit="F"/>
 <Override Id="Tyre Temp FR Inner" DisplayColorIndex="4" DisplayDPS="0" DisplayUnit="F"/>
 <Override Id="Tyre Temp FR Outer" DisplayColorIndex="4" DisplayDPS="0" DisplayUnit="F"/>
 <Override Id="Tyre Temp RL Centre" DisplayDPS="0" DisplayUnit="F"/>
 <Override Id="Tyre Temp RL Inner" DisplayDPS="0" DisplayUnit="F"/>
 <Override Id="Tyre Temp RL Outer" DisplayDPS="0" DisplayUnit="F"/>
 <Override Id="Tyre Temp RR Centre" DisplayUnit="F" DisplayDPS="0"/>
 <Override Id="Tyre Temp RR Inner" DisplayDPS="0" DisplayUnit="F"/>
 <Override Id="Tyre Temp RR Outer" DisplayDPS="0" DisplayUnit="F"/>
 <Override Id="WaterTemp" DisplayDPS="0" DisplayUnit="F"/>
</Overrides>
