<?xml version="1.0"?>
<Maths Locale="English_United States.1252" DefaultLocale="C" Id="User">
 <MathConstants>
  <MathConstant Name="ArbMM2Inch" Value="25.45454545454545" Unit=""/>
  <MathConstant Name="ArbPreloadmm2ftlbs" Value="0.1927710843373494" Unit=""/>
  <MathConstant Name="CubicInch2CubicFt" Value="1728" Unit=""/>
  <MathConstant Name="Engine_BTU_EQ_Reducer" Value="7.466" Unit=""/>
  <MathConstant Name="Kg2Pounds" Value="2.204623" Unit=""/>
  <MathConstant Name="kpa2lbsi" Value="0.145" Unit=""/>
  <MathConstant Name="LF_Nmm2InLbs" Value="5.70866" Unit=""/>
  <MathConstant Name="LittleGravity" Value="9.80665" Unit="m/s/s"/>
  <MathConstant Name="LRRubBlockHeight" Value=".5" Unit=""/>
  <MathConstant Name="MeterSecondsToMPH" Value="2.23694" Unit=""/>
  <MathConstant Name="mmToInch" Value="25.4" Unit=""/>
  <MathConstant Name="MtoInchConverter" Value="39.3701" Unit=""/>
  <MathConstant Name="Newton2Pounds" Value="4.446743" Unit=""/>
  <MathConstant Name="Nmm2InLbs" Value="5.714286" Unit=""/>
  <MathConstant Name="Pi" Value="3.14159265359" Unit=""/>
  <MathConstant Name="ThermalEfficiency" Value=".3" Unit=""/>
  <MathConstant Name="XfinityCamShaftHeight" Value="12" Unit=""/>
  <MathConstant Name="XfinityTrackWidth" Value="75" Unit="in"/>
  <MathConstant Name="XfinityWheelBase" Value="110" Unit="in"/>
 </MathConstants>
 <MathItems>
  <MathExpression Id="LR Wheel Spin" DisplayDPS="2" DisplayColorIndex="6" Interpolate="1" Script="'Wheel Speed RL' [mph] - 'Ground Speed' [mph]

 " SampleRate="0" Unit=""/>
  <MathExpression Id="RR Wheel Spin" DisplayDPS="2" DisplayColorIndex="3" Interpolate="1" Script="'Wheel Speed RR' [mph] - 'Ground Speed' [mph]

" SampleRate="0" Unit=""/>
  <MathExpression Id="Center Rake" DisplayUnit="in" DisplayDPS="2" DisplayColorIndex="4" Interpolate="1" Script="(('Ride Height RR' [in] - 'Ride Height RL' [in]) /2 + 'Ride Height RL' [in])  - (('Ride Height FR' [in] - 'Ride Height FL' [in]) /2 + 'Ride Height FL' [in]) 

" SampleRate="0" Unit="in"/>
  <MathExpression Id="Slope" DisplayDPS="2" DisplayColorIndex="3" Interpolate="1" Script="92 / 'Center Rake' [in] " SampleRate="0" Unit=""/>
  <MathExpression Id="Rake Angle" DisplayUnit="deg" DisplayDPS="2" DisplayColorIndex="4" Interpolate="1" Script="smooth(atan('Slope'),10)" SampleRate="0" Unit="deg"/>
  <MathExpression Id="WheelTorq2GRatio" DisplayDPS="2" DisplayColorIndex="0" Interpolate="1" Script="'G Force Lat' [G]/'Steering Wheel Torque' [N.m]" SampleRate="0" Unit=""/>
  <MathExpression Id="LF Wheel Spin" DisplayDPS="2" DisplayColorIndex="0" Interpolate="1" Script="'Wheel Speed FL' [mph] -'Ground Speed' [mph]" SampleRate="0" Unit=""/>
  <MathExpression Id="RF Wheel Spin" DisplayDPS="2" DisplayColorIndex="1" Interpolate="1" Script="'Wheel Speed FR' [mph] - 'Ground Speed' [mph]" SampleRate="0" Unit=""/>
  <MathExpression Id="LR Wheel Slip" DisplayUnit="%" DisplayDPS="2" DisplayColorIndex="2" Interpolate="1" Script="('Speed' [mph] -'Wheel Speed RL' [mph]) / 'Speed' [mph]" SampleRate="0" Unit="ratio"/>
  <MathExpression Id="RR Wheel Slip" DisplayUnit="%" DisplayDPS="2" DisplayColorIndex="3" Interpolate="1" Script="('Speed' [mph]-'Wheel Speed FR' [mph])/'Speed' [mph]" SampleRate="0" Unit="ratio"/>
  <MathExpression Id="RF Ride Height" DisplayUnit="in" DisplayDPS="2" DisplayColorIndex="0" Interpolate="1" Script="'Ride Height FR' [in]" SampleRate="0" Unit="in"/>
  <MathExpression Id="LF Ride Height" DisplayUnit="in" DisplayDPS="2" DisplayColorIndex="1" Interpolate="1" Script="'Ride Height FL' [in]" SampleRate="0" Unit="in"/>
  <MathExpression Id="FS Height" DisplayUnit="in" DisplayDPS="2" DisplayColorIndex="2" Interpolate="1" Script="'Ride Height FS' [in]" SampleRate="0" Unit="in"/>
  <MathExpression Id="RR Ride Height" DisplayUnit="in" DisplayDPS="2" DisplayColorIndex="3" Interpolate="1" Script="'RRrideHeight' [in]" SampleRate="0" Unit="in"/>
  <MathExpression Id="LR Ride Height" DisplayUnit="in" DisplayDPS="2" DisplayColorIndex="4" Interpolate="1" Script="'Ride Height RL' [in]" SampleRate="0" Unit="in"/>
  <MathExpression Id="Horsepower" DisplayDPS="2" DisplayColorIndex="6" Interpolate="1" Script="'ThermalEfficiency' [] * 'FuelUsePerHour' [kg/h] * 'Kg2Pounds' [] * 'Engine_BTU_EQ_Reducer' []" SampleRate="0" Unit=""/>
  <MathExpression Id="Brake Specific Fuel Consumption" DisplayDPS="2" DisplayColorIndex="7" Interpolate="1" Script="('FuelUsePerHour' [kg/h] * 'Kg2Pounds' [])/ 'Horsepower'" SampleRate="0" Unit=""/>
  <MathExpression Id="Engine Torque" DisplayDPS="2" DisplayColorIndex="1" Interpolate="1" Script="('Horsepower' * 5252) / 'RPM' [rpm]" SampleRate="0" Unit=""/>
  <MathExpression Id="Side Rake" DisplayUnit="in" DisplayDPS="2" DisplayColorIndex="2" Interpolate="1" Script="((('Ride Height RR' [in] - 'Ride Height FR' [in]) / 2 ) + 'Ride Height FR' [in]) - ((('Ride Height RL' [in] - 'Ride Height FL' [in] ) / 2 ) + 'Ride Height FL' [in])

" SampleRate="0" Unit="in"/>
  <MathExpression Id="Rear Center Height" DisplayUnit="in" DisplayDPS="2" DisplayColorIndex="3" Interpolate="1" Script="(('Ride Height RR' [in] - 'Ride Height RL' [in]) /2 + 'Ride Height RL' [in])  " SampleRate="0" Unit="in"/>
  <MathExpression Id="Smooth Center Rake" DisplayUnit="in" DisplayDPS="2" DisplayColorIndex="4" Interpolate="1" Script="smooth('Center Rake' [in], 20)" SampleRate="0" Unit="in"/>
  <MathExpression Id="Smooth FS Height" DisplayUnit="in" DisplayDPS="2" DisplayColorIndex="5" Interpolate="1" Script="smooth('FS Height' [in], 20)" SampleRate="0" Unit="in"/>
  <MathExpression Id="Smooth Side Rake" DisplayUnit="in" DisplayDPS="2" DisplayColorIndex="6" Interpolate="1" Script="smooth('Side Rake' [in], 20)" SampleRate="0" Unit="in"/>
  <MathExpression Id="Gear Ratio" DisplayDPS="2" DisplayColorIndex="3" Interpolate="1" Script="'CarSetup_Chassis_Rear_FinalDriveRatio'" SampleRate="0" Unit=""/>
  <MathExpression Id="Front Center RH" DisplayUnit="in" DisplayDPS="2" DisplayColorIndex="2" Interpolate="1" Script="('Ride Height FR' [in] - 'Ride Height FL' [in]) / 2 + 'Ride Height FL' [in]" SampleRate="0" Unit="in"/>
  <MathExpression Id="Rear Center RH" DisplayUnit="in" DisplayDPS="2" DisplayColorIndex="3" Interpolate="1" Script="('Ride Height RR' [in] - 'Ride Height RL' [in]) / 2 + 'Ride Height RL' [in]" SampleRate="0" Unit="in"/>
  <MathExpression Id="Avg Power" DisplayDPS="2" DisplayColorIndex="5" Interpolate="1" Script="('Horsepower' + 'Engine Torque') / 2" SampleRate="0" Unit=""/>
  <MathExpression Id="Smooth Front Center Height" DisplayUnit="in" DisplayDPS="2" DisplayColorIndex="3" Interpolate="1" Script="smooth('Front Center RH' [in], 20)" SampleRate="0" Unit="in"/>
  <MathExpression Id="CenterLineCOG" DisplayUnit="in" DisplayDPS="1" DisplayColorIndex="1" Interpolate="1" EnumerationName="" Script="('XfinityTrackWidth' [in]/2) -('XfinityTrackWidth' [in]  * ('Left Dist' [%]/ 100))" SampleRate="0" Unit="in"/>
  <MathExpression Id="FrontToRearCOG" DisplayUnit="in" DisplayDPS="1" DisplayColorIndex="2" Interpolate="1" EnumerationName="" Script="('XfinityWheelBase' [in] / 2) - ('XfinityWheelBase' [in] * ('CarSetup_Chassis_Front_NoseWeight' [%] / 100))" SampleRate="0" Unit="in"/>
  <MathExpression Id="COGHeight" DisplayUnit="in" DisplayDPS="2" DisplayColorIndex="3" Interpolate="1" EnumerationName="" Script="'Front Center Static Ride Height' [in] + 'XfinityCamShaftHeight' []" SampleRate="0" Unit="in"/>
  <MathExpression Id="GforceTotal" DisplayUnit="N" DisplayDPS="2" DisplayColorIndex="0" Interpolate="1" Script="'G Force Lat' [G]/'G Force Long' [G]" SampleRate="0" Unit="N"/>
  <MathExpression Id="Smooth Roll Rate" DisplayUnit="deg/s" DisplayDPS="2" DisplayColorIndex="0" Interpolate="1" Script="smooth('RollRate' [deg/s], 20)" SampleRate="0" Unit="deg/s"/>
  <MathExpression Id="LateralGToWeight" DisplayUnit="m/s/s" DisplayDPS="2" DisplayColorIndex="0" Interpolate="1" Script="'G Force Lat' [G]/'LittleGravity' [m/s/s]" SampleRate="0" Unit="m/s/s"/>
 </MathItems>
</Maths>
