<?xml version="1.0"?>
<Maths Locale="English_United States.1252" DefaultLocale="C" Id="Slip Angles">
 <MathConstants>
  <MathConstant Name="PI" Value="3.14159265" Unit=""/>
  <MathConstant Name="SteerPinion157" Value="40" Unit="mm"/>
  <MathConstant Name="SteerPinion183" Value="46.5" Unit="mm" Comment="These must be in metric"/>
  <MathConstant Name="SteerPinion208" Value="53" Unit="mm"/>
  <MathConstant Name="SteerPinion236" Value="60" Unit="mm"/>
  <MathConstant Name="SteerPinion264" Value="67" Unit="mm"/>
  <MathConstant Name="SteerPinion287" Value="73" Unit="mm"/>
  <MathConstant Name="SteerPinion315" Value="80" Unit="mm"/>
  <MathConstant Name="SteerRatio15" Value="15.5" Unit=""/>
  <MathConstant Name="SteerRatio1650" Value="17" Unit="" Comment="was 16.5. "/>
  <MathConstant Name="SteerRatio1775" Value="18.5" Unit="" Comment="was 17.75"/>
  <MathConstant Name="SteerRatio1975" Value="20.5" Unit="" Comment="was 19.75"/>
  <MathConstant Name="SteerRatio2250" Value="24" Unit="" Comment="was 22.50"/>
  <MathConstant Name="SteerRatio2575" Value="27.5" Unit="" Comment="was 25.5"/>
  <MathConstant Name="SteerRatio30" Value="31" Unit="" Comment="was 30"/>
 </MathConstants>
 <MathItems>
  <MathExpression Id="RearCoGLength" DisplayUnit="in" DisplayDPS="2" DisplayColorIndex="7" Interpolate="1" Script="('NextGenWheelBase' [in] / 2) + 'FrontToRearCOG' [in]" SampleRate="0" Unit="in"/>
  <MathExpression Id="FrontCoGLength" DisplayUnit="in" DisplayDPS="2" DisplayColorIndex="0" Interpolate="1" Script="('NextGenWheelBase' [in] / 2) + 'FrontToRearCOG' [in]" SampleRate="0" Unit="in"/>
  <MathExpression Id="Car Side Slip Angle" DisplayUnit="deg" DisplayDPS="2" DisplayColorIndex="2" Interpolate="1" Script="atan( -'VelocityY' [mph]  /  'VelocityX' [mph] )" SampleRate="0" Unit="rad"/>
  <MathExpression Id="Steer Angle" DisplayUnit="deg" DisplayDPS="2" DisplayColorIndex="2" Interpolate="1" Script="'Steering Wheel Angle' [rad] /'Steer Ratio Lookup' [ratio]" SampleRate="0" Unit="rad"/>
  <MathExpression Comment="These ratios come from testing on cetrepetal circuit" Id="Steer Ratio Lookup" DisplayUnit="ratio" DisplayDPS="2" DisplayColorIndex="1" Interpolate="1" Script="choose('Steering Pinion' [mm] == 'SteerPinion157' [mm],  'SteerRatio30' [], choose ('Steering Pinion' [mm] == 'SteerPinion183' [mm],  'SteerRatio2575' [],  choose('Steering Pinion' [mm] == 'SteerPinion208' [mm],  'SteerRatio2250' [], choose('Steering Pinion' [mm] == 'SteerPinion236' [mm],  'SteerRatio1975' [], choose('Steering Pinion' [mm] == 'SteerPinion264' [mm],  'SteerRatio1775' [], choose('Steering Pinion' [mm] == 'SteerPinion287' [mm],  'SteerRatio1650' [], choose('Steering Pinion' [mm] == 'SteerPinion315' [mm], 'SteerRatio15' [], invalid() ) ))))))" SampleRate="0" Unit="ratio"/>
  <MathExpression Id="Front Slip Angle" DisplayUnit="deg" DisplayDPS="2" DisplayColorIndex="3" Interpolate="1" Script="'Steer Angle' [rad] -(('FrontCoGLength' [in] * 0.0254) / ('VelocityX' [km/h] * 3.6)) - ('VelocityY' [km/h] / 'VelocityX' [km/h])" SampleRate="0" Unit="rad"/>
  <MathExpression Comment="Inverted sign for readability" Id="delete - Rear Slip Angle" DisplayUnit="deg" DisplayDPS="2" DisplayColorIndex="4" Interpolate="1" Script="(((('RearCoGLength' [in] * 'inch2meters' []) * 'Yaw Rate' [rad/s]) / 'VelocityX' [m/s] ) - 'Car Side Slip Angle' [rad] ) * -1" SampleRate="0" Unit="rad"/>
  <MathExpression Id="Rear Slip Angle" DisplayUnit="deg" DisplayDPS="2" DisplayColorIndex="1" Interpolate="1" Script="((('RearCoGLength' [in] * 'inch2meters' []) / ( 'VelocityX' [m/s] / 'Yaw Rate' [rad/s] )  ) - 'Car Side Slip Angle' [rad] ) * -1" SampleRate="0" Unit="rad"/>
 </MathItems>
</Maths>
