<?xml version="1.0"?>
<Overrides Locale="English_United States.1252" DefaultLocale="C">
 <Override Id="Air Temp Inlet" DisplayMax="332.149993999999992" DisplayMin="272.149993999999992" AutoScale="0"/>
 <Override Id="Bat Volts ADL" DisplayMax="15.000000000000000" DisplayMin="10.000000000000000" AutoScale="0"/>
 <Override Id="Brake" DisplayDPS="0"/>
 <Override Id="CFSRrideHeight" DisplayDPS="2" DisplayUnit="in"/>
 <Override Id="Center Rake" AutoScale="0" DisplayMin="-0.002539998628401" DisplayMax="0.025399986284007" WarnMin="0.000000000000000"/>
 <Override Id="Corr Speed" DisplayMax="69.291209046660256" DisplayUnit="mph" DisplayMin="0.000000000000000" DisplayColorIndex="7" AutoScale="0"/>
 <Override Id="Damper Pos FL" DisplayDPS="2"/>
 <Override Id="Damper Pos FR" DisplayDPS="2"/>
 <Override Id="Damper Pos RL" DisplayDPS="2"/>
 <Override Id="Damper Pos RR" DisplayDPS="2"/>
 <Override Id="Eng Oil Pres" DisplayMax="600000.000000000000000" DisplayMin="0.000000000000000" AutoScale="0"/>
 <Override Id="Eng Oil Temp" DisplayMax="382.038888888888948" DisplayUnit="F" DisplayMin="272.038888888888891" DisplayColorIndex="7" AutoScale="0" DisplayDPS="0"/>
 <Override Id="Engine RPM" DisplayMax="1047.197551198102246" DisplayMin="0.000000000000000" AutoScale="0" DisplayDPS="0"/>
 <Override Id="Engine Temp" DisplayMax="382.149993999999992" DisplayMin="272.149993999999992" AutoScale="0"/>
 <Override Id="Fuel Pres" DisplayMax="600000.000000000000000" DisplayMin="0.000000000000000" AutoScale="0"/>
 <Override Id="G Force Lat" DisplayMax="19.613303999999999" DisplayMin="-19.613303999999999" AutoScale="0"/>
 <Override Id="G Force Long" DisplayMax="14.709978000000000" DisplayMin="-14.709978000000000" AutoScale="0"/>
 <Override Id="Ground Speed" DisplayDPS="0" DisplayUnit="mph" DisplayColorIndex="7"/>
 <Override Id="Horsepower" DisplayColorIndex="2"/>
 <Override Id="LF Ride Height" AutoScale="0" DisplayMin="-0.006349996571002" DisplayMax="0.076199958852022" WarnMin="0.000000000000000"/>
 <Override Id="LF Wheel Spin" DisplayColorIndex="1"/>
 <Override Id="LFSHshockDefl" DisplayDPS="2" DisplayUnit="in"/>
 <Override Id="LFrideHeight" DisplayDPS="2" DisplayUnit="ft"/>
 <Override Id="LFshockDefl" DisplayDPS="2" DisplayMin="0.025399986284007" DisplayUnit="in" AutoScale="0" DisplayColorIndex="1" DisplayMax="0.088899951994026"/>
 <Override Id="LFshockVel" DisplayDPS="2" DisplayMin="-0.254000069291219" DisplayUnit="in/s" AutoScale="0" DisplayColorIndex="1" DisplayMax="0.254000069291219"/>
 <Override Id="LR Ride Height" AutoScale="0" DisplayMin="-0.006349996571002" DisplayMax="0.076199958852022" WarnMin="0.000000000000000"/>
 <Override Id="LR Wheel Spin" DisplayColorIndex="6"/>
 <Override Id="LRrideHeight" DisplayDPS="2" DisplayUnit="in"/>
 <Override Id="LRshockDefl" DisplayDPS="2" DisplayUnit="in" DisplayColorIndex="5"/>
 <Override Id="LRshockVel" DisplayDPS="2" DisplayMin="-0.254000069291219" DisplayUnit="in/s" AutoScale="0" DisplayColorIndex="5" DisplayMax="0.254000069291219"/>
 <Override Id="Lambda 1" DisplayMax="1.100000000000000" DisplayMin="0.800000000000000" AutoScale="0"/>
 <Override Id="Lambda 2" DisplayMax="1.100000000000000" DisplayMin="0.800000000000000" AutoScale="0"/>
 <Override Id="Manifold Pres" DisplayMax="249999.984375000000000" DisplayMin="0.000000000000000" AutoScale="0"/>
 <Override Id="NextGen Rake Angle" DisplayDPS="5"/>
 <Override Id="Oversteer" DisplayMax="0.100007367034839" DisplayMin="-0.100007367034839" DisplayUnit="deg" AutoScale="0"/>
 <Override Id="RF Ride Height" AutoScale="0" DisplayMin="-0.006349996571002" DisplayMax="0.076199958852022" WarnMin="0.000000000000000"/>
 <Override Id="RF Wheel Spin" DisplayColorIndex="4"/>
 <Override Id="RFrideHeight" DisplayDPS="2" DisplayUnit="in"/>
 <Override Id="RFshockDefl" DisplayDPS="2" DisplayUnit="in" DisplayColorIndex="3"/>
 <Override Id="RFshockVel" DisplayDPS="2" DisplayMin="-0.254000069291219" DisplayUnit="in/s" DisplayColorIndex="3" AutoScale="0" DisplayMax="0.254000069291219"/>
 <Override Id="RPM" DisplayDPS="0"/>
 <Override Id="RR Ride Height" AutoScale="0" DisplayMin="-0.006349996571002" DisplayMax="0.076199958852022" WarnMin="0.000000000000000"/>
 <Override Id="RR Wheel Spin" DisplayColorIndex="3"/>
 <Override Id="RRrideHeight" DisplayDPS="2" DisplayUnit="in"/>
 <Override Id="RRshockDefl" DisplayDPS="2" DisplayMin="-0.253999862840074" DisplayUnit="in" AutoScale="1" DisplayColorIndex="4" DisplayMax="0.253999862840074"/>
 <Override Id="RRshockVel" DisplayDPS="2" DisplayMin="-0.254000069291219" DisplayUnit="in/s" AutoScale="0" DisplayColorIndex="4" DisplayMax="0.254000069291219"/>
 <Override Id="Ride Height FL" DisplayDPS="2" DisplayUnit="in" DisplayMin="-0.006349996571002" DisplayColorIndex="1" AutoScale="0" DisplayMax="0.101599945136030" WarnMin="0.000000000000000"/>
 <Override Id="Ride Height FR" DisplayDPS="2" DisplayUnit="in" DisplayMin="-0.006349996571002" DisplayColorIndex="4" AutoScale="0" DisplayMax="0.101599945136030" WarnMin="0.000000000000000"/>
 <Override Id="Ride Height FS" DisplayDPS="2" DisplayUnit="in" DisplayMin="-0.006349996571002" AutoScale="0" DisplayMax="0.076199958852022" WarnMin="0.000000000000000"/>
 <Override Id="Ride Height RL" DisplayDPS="2" DisplayUnit="in" DisplayMin="-0.006349996571002" AutoScale="0" DisplayMax="0.101599945136030" WarnMin="0.000000000000000"/>
 <Override Id="Ride Height RR" DisplayDPS="2" DisplayUnit="in" DisplayMin="-0.006349996571002" AutoScale="0" DisplayMax="0.101599945136030" WarnMin="0.000000000000000"/>
 <Override Id="Speed" DisplayUnit="mph" DisplayDPS="1"/>
 <Override Id="Steered Angle" DisplayMax="0.174533000000000" DisplayMin="-0.174533000000000" AutoScale="0"/>
 <Override Id="Steering Wheel Angle" DisplayDPS="0" DisplayUnit="deg"/>
 <Override Id="Steering Wheel Torque" DisplayDPS="2" DisplayUnit="ft.lbf"/>
 <Override Id="Susp Pos FL" DisplayDPS="2" DisplayUnit="in"/>
 <Override Id="Susp Pos FR" DisplayDPS="2" DisplayUnit="in"/>
 <Override Id="Susp Pos RL" DisplayDPS="2" DisplayUnit="in"/>
 <Override Id="Susp Pos RR" DisplayDPS="2" DisplayUnit="in"/>
 <Override Id="Throttle" DisplayDPS="0"/>
 <Override Id="Throttle Pos" DisplayMax="1.000000000000000" DisplayMin="0.000000000000000" AutoScale="0"/>
 <Override Id="Truck Rake Angle" DisplayUnit="deg"/>
 <Override Id="Tyre Temp FL Centre" DisplayColorIndex="1" DisplayDPS="0" DisplayUnit="F"/>
 <Override Id="Tyre Temp FL Inner" DisplayColorIndex="1" DisplayDPS="0" DisplayUnit="F"/>
 <Override Id="Tyre Temp FL Outer" DisplayColorIndex="1" DisplayDPS="0" DisplayUnit="F"/>
 <Override Id="Tyre Temp FR Centre" DisplayDPS="0" DisplayUnit="F"/>
 <Override Id="Tyre Temp FR Inner" DisplayColorIndex="4" DisplayDPS="0" DisplayUnit="F"/>
 <Override Id="Tyre Temp FR Outer" DisplayColorIndex="4" DisplayDPS="0" DisplayUnit="F"/>
 <Override Id="Tyre Temp RL Centre" DisplayDPS="0" DisplayUnit="F"/>
 <Override Id="Tyre Temp RL Inner" DisplayDPS="0" DisplayUnit="F"/>
 <Override Id="Tyre Temp RL Outer" DisplayDPS="0" DisplayUnit="F"/>
 <Override Id="Tyre Temp RR Centre" DisplayUnit="F" DisplayDPS="0"/>
 <Override Id="Tyre Temp RR Inner" DisplayDPS="0" DisplayUnit="F"/>
 <Override Id="Tyre Temp RR Outer" DisplayDPS="0" DisplayUnit="F"/>
 <Override Id="VertAccel" DisplayDPS="2" AutoScale="0" DisplayMin="-29.419956144652041" DisplayMax="29.419956144652041"/>
 <Override Id="WaterTemp" DisplayDPS="0" DisplayUnit="F"/>
 <Override Id="Wheel Speed FL" DisplayUnit="mph" DisplayDPS="1" DisplayColorIndex="1"/>
 <Override Id="Wheel Speed FR" DisplayUnit="mph" DisplayDPS="1"/>
 <Override Id="Wheel Speed RL" DisplayDPS="1" DisplayUnit="mph"/>
 <Override Id="Wheel Speed RR" DisplayDPS="1" DisplayUnit="mph"/>
</Overrides>
