<?xml version="1.0"?>
<Overrides Locale="English_United States.1252" DefaultLocale="C">
 <Override Id="Air Temp Inlet" DisplayMax="332.149993999999992" DisplayMin="272.149993999999992" AutoScale="0"/>
 <Override Id="AirDensity" DisplayDPS="3" DisplayUnit="lb/cft"/>
 <Override Id="AirTemp" DisplayDPS="0" DisplayUnit="F"/>
 <Override Id="Bat Volts ADL" DisplayMax="15.000000000000000" DisplayMin="10.000000000000000" AutoScale="0"/>
 <Override Id="Brake" DisplayDPS="3" AutoScale="0" DisplayMin="0.000000000000000" DisplayMax="0.300000000000000"/>
 <Override Id="Brake Pedal Pos" DisplayDPS="6" DisplayColorIndex="1"/>
 <Override Id="CFSRrideHeight" DisplayDPS="2" DisplayMin="-0.006349996571002" DisplayUnit="in" AutoScale="0" DisplayColorIndex="2" DisplayMax="0.076199958852022"/>
 <Override Id="COGHeight" DisplayColorIndex="1"/>
 <Override Id="Car Side Slip Angle" DisplayColorIndex="7" AutoScale="0" DisplayMin="-0.104719756057423" DisplayMax="0.104719756057423"/>
 <Override Id="Car Slip Angle" DisplayColorIndex="7"/>
 <Override Id="CarSetup_Chassis_FrontArb_ArbPreload" DisplayDPS="2" DisplayUnit="ft.lbf"/>
 <Override Id="CarSetup_Chassis_Front_FrontBrakeBias" DisplayDPS="1"/>
 <Override Id="CarSetup_Chassis_Front_FrontMc" DisplayUnit="in"/>
 <Override Id="CarSetup_Chassis_Front_NoseWeight" DisplayDPS="1"/>
 <Override Id="CarSetup_Chassis_Front_RearMc" DisplayUnit="in"/>
 <Override Id="CarSetup_Chassis_Front_SteeringPinion" DisplayUnit="in"/>
 <Override Id="CarSetup_Chassis_LeftFront_Camber" DisplayDPS="0"/>
 <Override Id="CarSetup_Chassis_LeftFront_ToeIn" DisplayUnit="in"/>
 <Override Id="CarSetup_Chassis_LeftRear_Camber" DisplayDPS="0"/>
 <Override Id="CarSetup_Chassis_Rear_ArbPreload" DisplayDPS="2" DisplayUnit="ft.lbf"/>
 <Override Id="CarSetup_Chassis_Rear_DiffPreload" DisplayUnit="ft.lbf" DisplayDPS="0"/>
 <Override Id="CarSetup_Chassis_RightFront_Camber" DisplayDPS="0"/>
 <Override Id="CarSetup_Chassis_RightRear_Camber" DisplayDPS="0"/>
 <Override Id="CarSetup_Tires_LeftFront_ColdPressure" DisplayDPS="1" DisplayUnit="psi"/>
 <Override Id="CarSetup_Tires_LeftRear_ColdPressure" DisplayUnit="psi"/>
 <Override Id="CarSetup_Tires_RightFront_ColdPressure" DisplayDPS="1" DisplayUnit="psi"/>
 <Override Id="CarSetup_Tires_RightFront_LastHotPressure" DisplayUnit="psi" DisplayDPS="1"/>
 <Override Id="CarSetup_Tires_RightRear_ColdPressure" DisplayDPS="1" DisplayUnit="psi"/>
 <Override Id="Center Rake" AutoScale="0" DisplayMin="-0.002539998628401" DisplayMax="0.025399986284007" WarnMin="0.000000000000000"/>
 <Override Id="Center Rake FS" DisplayColorIndex="2" AutoScale="0" DisplayMin="-0.050799972568015" DisplayMax="0.012699993142004"/>
 <Override Id="CenterLineCOG" AutoScale="0" DisplayMin="-1.003299458218293" DisplayMax="1.003299458218293" DisplayDPS="3"/>
 <Override Id="Corner Radius" AutoScale="0" DisplayMin="-1524.004596397862770" DisplayMax="1524.004596397862770"/>
 <Override Id="Corr Speed" DisplayMax="89.408011673109996" DisplayMin="0.000000000000000" DisplayUnit="mph" AutoScale="0" DisplayColorIndex="7"/>
 <Override Id="Cross Temp Difference" DisplayDPS="0"/>
 <Override Id="Damper Pos FL" DisplayDPS="2"/>
 <Override Id="Damper Pos FR" DisplayDPS="2"/>
 <Override Id="Damper Pos RL" DisplayDPS="2"/>
 <Override Id="Damper Pos RR" DisplayDPS="2"/>
 <Override Id="Delta Center" DisplayDPS="3" DisplayUnit="rad"/>
 <Override Id="Diffuser Base Volume" AutoScale="0" DisplayColorIndex="7" DisplayMin="0.000000000000000" DisplayMax="0.339802156424128"/>
 <Override Id="Diffuser Effciency" DisplayDPS="2"/>
 <Override Id="Diffuser Volume" DisplayColorIndex="2"/>
 <Override Id="Diffuser Wedge Volume" AutoScale="0" DisplayColorIndex="1" DisplayMin="-0.028316846368677" DisplayMax="0.141584231843387"/>
 <Override Id="Dynamic CoG Height" DisplayColorIndex="1"/>
 <Override Id="Eng Oil Pres" DisplayMax="600000.000000000000000" DisplayMin="0.000000000000000" AutoScale="0"/>
 <Override Id="Eng Oil Temp" DisplayMax="382.038888888888948" DisplayMin="272.038888888888891" DisplayUnit="F" AutoScale="0" DisplayColorIndex="7" DisplayDPS="0"/>
 <Override Id="Engine RPM" DisplayMax="1047.197551198102246" DisplayMin="733.038285838671641" AutoScale="0" DisplayColorIndex="7" DisplayDPS="0"/>
 <Override Id="Engine Temp" DisplayMax="382.149993999999992" DisplayMin="272.149993999999992" AutoScale="0"/>
 <Override Id="Engine Torque" DisplayDPS="0"/>
 <Override Id="Front Brake Bias" DisplayDPS="1"/>
 <Override Id="Front Center RH" AutoScale="0" DisplayColorIndex="2" DisplayDPS="2" DisplayMin="-0.006349996571002" DisplayMax="0.076199958852022"/>
 <Override Id="Front Slip Angle" AutoScale="0" DisplayMin="-0.104719756057423" DisplayMax="0.104719756057423"/>
 <Override Id="Front Tire Temp Avg" DisplayColorIndex="7"/>
 <Override Id="FrontToRearCOG" DisplayDPS="3" AutoScale="0" DisplayMin="-0.253999862840074" DisplayMax="0.253999862840074"/>
 <Override Id="Fuel Level" DisplayDPS="1" DisplayUnit="USgal" DisplayColorIndex="4"/>
 <Override Id="Fuel Pres" DisplayMax="600000.000000000000000" DisplayMin="0.000000000000000" AutoScale="0"/>
 <Override Id="G Force Lat" DisplayMax="39.226608192869392" DisplayUnit="G" DisplayMin="-39.226608192869392" AutoScale="0" DisplayDPS="2"/>
 <Override Id="G Force Long" DisplayMax="9.806652048217348" DisplayMin="-9.806652048217348" AutoScale="0" DisplayColorIndex="7" DisplayDPS="2"/>
 <Override Id="G Force Vert" DisplayDPS="2"/>
 <Override Id="Ground Speed" DisplayDPS="1" DisplayUnit="mph" DisplayColorIndex="0"/>
 <Override Id="Gyro - Yaw Velocity" DisplayDPS="2" DisplayUnit="deg/s"/>
 <Override Id="Gyro Roll Angle" DisplayDPS="2" DisplayUnit="deg"/>
 <Override Id="Gyro Yaw Angle" DisplayUnit="deg" DisplayDPS="1"/>
 <Override Id="Horsepower" DisplayColorIndex="4" DisplayDPS="0"/>
 <Override Id="Inverted Side Rake" DisplayColorIndex="2"/>
 <Override Id="LF Caster" DisplayDPS="1"/>
 <Override Id="LF Hot Pressure" DisplayDPS="0"/>
 <Override Id="LF Ride Height" AutoScale="0" DisplayMin="-0.006349996571002" DisplayMax="0.076199958852022" WarnMin="0.000000000000000"/>
 <Override Id="LF Shock Defl Delta" AutoScale="0" DisplayColorIndex="1" DisplayMin="0.000000000000000" DisplayMax="0.025399986284007"/>
 <Override Id="LF Tire Defl" AutoScale="0" DisplayColorIndex="1" DisplayMin="-0.025399986284007" DisplayMax="0.025399986284007"/>
 <Override Id="LF Weight" DisplayColorIndex="1"/>
 <Override Id="LF Wheel Spin" DisplayColorIndex="1"/>
 <Override Id="LF-RR Tire Temp Avg" DisplayDPS="0" DisplayColorIndex="7"/>
 <Override Id="LFSHshockDefl" DisplayDPS="2" DisplayUnit="in"/>
 <Override Id="LFbrakeLinePress" DisplayColorIndex="1" DisplayDPS="1"/>
 <Override Id="LFrideHeight" DisplayDPS="2" DisplayUnit="ft"/>
 <Override Id="LFshockDefl" DisplayDPS="2" DisplayUnit="in" DisplayMin="0.025399986284007" DisplayColorIndex="1" AutoScale="0" DisplayMax="0.101599945136030"/>
 <Override Id="LFshockVel" DisplayDPS="2" DisplayUnit="in/s" DisplayMin="-0.254000069291219" DisplayColorIndex="1" AutoScale="0" DisplayMax="0.254000069291219"/>
 <Override Id="LFtempCL" DisplayDPS="0" DisplayColorIndex="1" DisplayUnit="F"/>
 <Override Id="LFtempCM" DisplayDPS="0" DisplayUnit="F"/>
 <Override Id="LFtempCR" DisplayColorIndex="1" DisplayUnit="F" DisplayDPS="0"/>
 <Override Id="LFtempL" DisplayDPS="0" DisplayColorIndex="1" DisplayUnit="F"/>
 <Override Id="LFtempM" DisplayDPS="0" DisplayColorIndex="1" DisplayUnit="F"/>
 <Override Id="LFtempR" DisplayDPS="0" DisplayUnit="F" DisplayColorIndex="1"/>
 <Override Id="LFwearM" DisplayColorIndex="1" DisplayDPS="0"/>
 <Override Id="LR Height - Rub Block" AutoScale="0" DisplayMin="-0.006349996571002" DisplayMax="0.076199958852022"/>
 <Override Id="LR Ride Height" AutoScale="0" DisplayColorIndex="7" DisplayMin="-0.006349996571002" DisplayMax="0.076199958852022" WarnMin="0.000000000000000"/>
 <Override Id="LR Rub Block" DisplayColorIndex="7"/>
 <Override Id="LR Shock Defl Delta" AutoScale="0" DisplayColorIndex="7" DisplayMin="0.000000000000000" DisplayMax="0.025399986284007"/>
 <Override Id="LR Speed - FWD Speed" AutoScale="0" DisplayMin="-5.000000000000000" DisplayMax="5.000000000000000"/>
 <Override Id="LR Speed vs FWD Speed Percentage" AutoScale="0" DisplayMin="-0.050000000000000" DisplayMax="0.050000000000000"/>
 <Override Id="LR Tire Defl" AutoScale="0" DisplayColorIndex="7" DisplayMin="-0.025399986284007" DisplayMax="0.025399986284007"/>
 <Override Id="LR Wheel Spin" DisplayColorIndex="6"/>
 <Override Id="LRrideHeight" DisplayDPS="2" DisplayUnit="in"/>
 <Override Id="LRshockDefl" DisplayDPS="2" DisplayMin="0.025399986284007" DisplayUnit="in" AutoScale="0" DisplayColorIndex="5" DisplayMax="0.101599945136030"/>
 <Override Id="LRshockVel" DisplayDPS="2" DisplayUnit="in/s" DisplayMin="-0.254000069291219" DisplayColorIndex="5" AutoScale="0" DisplayMax="0.254000069291219"/>
 <Override Id="LRtempCL" DisplayDPS="0" DisplayColorIndex="6" DisplayUnit="F"/>
 <Override Id="LRtempCM" DisplayDPS="0" DisplayUnit="F" DisplayColorIndex="6"/>
 <Override Id="LRtempCR" DisplayDPS="0" DisplayColorIndex="6" DisplayUnit="F"/>
 <Override Id="LRtempL" DisplayDPS="0" DisplayColorIndex="7" DisplayUnit="F"/>
 <Override Id="LRtempM" DisplayDPS="0" DisplayColorIndex="7" DisplayUnit="F"/>
 <Override Id="LRtempR" DisplayDPS="0" DisplayColorIndex="7" DisplayUnit="F"/>
 <Override Id="LRwearM" DisplayColorIndex="4"/>
 <Override Id="Lambda 1" DisplayMax="1.100000000000000" DisplayMin="0.800000000000000" AutoScale="0"/>
 <Override Id="Lambda 2" DisplayMax="1.100000000000000" DisplayMin="0.800000000000000" AutoScale="0"/>
 <Override Id="LeftToRightCOGLine" DisplayDPS="1"/>
 <Override Id="Manifold Pres" DisplayMax="249999.984375000000000" DisplayMin="0.000000000000000" AutoScale="0"/>
 <Override Id="NextGen Downforce" DisplayColorIndex="1" DisplayDPS="0"/>
 <Override Id="NextGen Rake Angle" DisplayDPS="2"/>
 <Override Id="Oversteer" DisplayMax="0.100007367034839" DisplayUnit="deg" DisplayMin="-0.100007367034839" AutoScale="0"/>
 <Override Id="Pitch" DisplayUnit="deg"/>
 <Override Id="RF Caster" DisplayDPS="1"/>
 <Override Id="RF Pressure Change" DisplayDPS="1"/>
 <Override Id="RF Ride Height" AutoScale="0" DisplayColorIndex="5" DisplayMin="-0.006349996571002" DisplayMax="0.076199958852022" WarnMin="0.000000000000000"/>
 <Override Id="RF Shock Defl Delta" AutoScale="0" DisplayColorIndex="5" DisplayMin="0.000000000000000" DisplayMax="0.025399986284007"/>
 <Override Id="RF Spring" DisplayDPS="0"/>
 <Override Id="RF Temp Delta" DisplayDPS="1"/>
 <Override Id="RF Tire Defl" AutoScale="0" DisplayColorIndex="5" DisplayMin="-0.025399986284007" DisplayMax="0.025399986284007"/>
 <Override Id="RF Tire Load" DisplayColorIndex="6"/>
 <Override Id="RF Wheel Spin" DisplayColorIndex="4"/>
 <Override Id="RF-LR Tire Temp Avg" DisplayDPS="0" DisplayColorIndex="7"/>
 <Override Id="RFrideHeight" DisplayDPS="2" DisplayUnit="in"/>
 <Override Id="RFshockDefl" DisplayDPS="2" DisplayMin="0.025399986284007" DisplayUnit="in" AutoScale="0" DisplayColorIndex="4" DisplayMax="0.088899951994026"/>
 <Override Id="RFshockVel" DisplayDPS="2" DisplayUnit="in/s" DisplayMin="-0.254000069291219" AutoScale="0" DisplayColorIndex="4" DisplayMax="0.254000069291219"/>
 <Override Id="RFtempCL" DisplayDPS="0" DisplayColorIndex="4" DisplayUnit="F"/>
 <Override Id="RFtempCM" DisplayDPS="0" DisplayColorIndex="4" DisplayUnit="F"/>
 <Override Id="RFtempCR" DisplayDPS="0" DisplayUnit="F" DisplayColorIndex="4"/>
 <Override Id="RFtempL" DisplayDPS="0" DisplayColorIndex="5" DisplayUnit="F"/>
 <Override Id="RFtempM" DisplayDPS="0" DisplayUnit="F" DisplayColorIndex="5"/>
 <Override Id="RFtempR" DisplayDPS="0" DisplayColorIndex="5" DisplayUnit="F"/>
 <Override Id="RFwearM" DisplayDPS="0" DisplayColorIndex="4"/>
 <Override Id="RPM" DisplayDPS="0" DisplayColorIndex="7"/>
 <Override Id="RR Diffuser Height" DisplayColorIndex="7"/>
 <Override Id="RR Ride Height" AutoScale="0" DisplayMin="-0.006349996571002" DisplayMax="0.076199958852022" WarnMin="0.000000000000000"/>
 <Override Id="RR Shock Defl Delta" AutoScale="0" DisplayColorIndex="3" DisplayMin="0.000000000000000" DisplayMax="0.025399986284007"/>
 <Override Id="RR Speed vs FWD Speed Percentage" AutoScale="0" DisplayMin="0.000000000000000" DisplayMax="0.100000000000000"/>
 <Override Id="RR Tire Defl" AutoScale="0" DisplayColorIndex="3" DisplayMin="-0.025399986284007" DisplayMax="0.025399986284007"/>
 <Override Id="RR Tire Temp Avg" DisplayColorIndex="7" DisplayDPS="0"/>
 <Override Id="RR Wheel Spin" DisplayColorIndex="3"/>
 <Override Id="RRbrakeLinePress" DisplayDPS="1"/>
 <Override Id="RRrideHeight" DisplayDPS="2" DisplayUnit="in" DisplayMin="-0.006349996571002" AutoScale="0" DisplayMax="0.101599945136030"/>
 <Override Id="RRshockDefl" DisplayDPS="2" DisplayUnit="in" DisplayMin="0.025399986284007" DisplayColorIndex="3" AutoScale="0" DisplayMax="0.101599945136030"/>
 <Override Id="RRshockVel" DisplayDPS="2" DisplayUnit="in/s" DisplayMin="-0.254000069291219" DisplayColorIndex="3" AutoScale="0" DisplayMax="0.254000069291219"/>
 <Override Id="RRtempCL" DisplayDPS="0" DisplayUnit="F"/>
 <Override Id="RRtempCM" DisplayDPS="0" DisplayUnit="F"/>
 <Override Id="RRtempCR" DisplayDPS="0" DisplayUnit="F"/>
 <Override Id="RRtempL" DisplayDPS="0" DisplayUnit="F" DisplayColorIndex="3"/>
 <Override Id="RRtempM" DisplayDPS="0" DisplayUnit="F" DisplayColorIndex="3"/>
 <Override Id="RRtempR" DisplayDPS="0" DisplayUnit="F" DisplayColorIndex="3"/>
 <Override Id="Rear Center Height" DisplayColorIndex="7"/>
 <Override Id="Rear Center RH" AutoScale="0" DisplayColorIndex="2" DisplayMin="-0.006349996571002" DisplayMax="0.076199958852022"/>
 <Override Id="Rear Slip Angle" AutoScale="0" DisplayMin="-0.104719756057423" DisplayMax="0.104719756057423"/>
 <Override Id="Rear Slip v3" DisplayUnit="deg"/>
 <Override Id="Rear Tire Temp Avg" DisplayColorIndex="7" DisplayDPS="0"/>
 <Override Id="RelativeHumidity" DisplayDPS="1" DisplayUnit="%"/>
 <Override Id="Ride Height FL" DisplayDPS="2" DisplayMin="-0.006349996571002" DisplayUnit="in" AutoScale="0" DisplayColorIndex="1" DisplayMax="0.101599945136030" WarnMin="0.000000000000000"/>
 <Override Id="Ride Height FR" DisplayDPS="2" DisplayMin="-0.006349996571002" DisplayUnit="in" AutoScale="0" DisplayColorIndex="5" DisplayMax="0.101599945136030" WarnMin="0.000000000000000"/>
 <Override Id="Ride Height FS" DisplayDPS="2" DisplayMin="-0.006349996571002" DisplayUnit="in" AutoScale="0" DisplayMax="0.076199958852022" WarnMin="0.000000000000000"/>
 <Override Id="Ride Height RL" DisplayDPS="2" DisplayMin="-0.006349996571002" DisplayUnit="in" AutoScale="0" DisplayMax="0.101599945136030" WarnMin="0.000000000000000"/>
 <Override Id="Ride Height RR" DisplayDPS="2" DisplayMin="-0.006349996571002" DisplayUnit="in" AutoScale="0" DisplayColorIndex="3" DisplayMax="0.101599945136030" WarnMin="0.000000000000000"/>
 <Override Id="Right Diffuser Slope" DisplayDPS="6"/>
 <Override Id="Roll" DisplayDPS="2" DisplayUnit="deg" DisplayColorIndex="1"/>
 <Override Id="RollRate" DisplayMin="-0.174532926762371" DisplayUnit="deg/s" DisplayDPS="2" AutoScale="0" DisplayMax="0.174532926762371"/>
 <Override Id="Side Rake" AutoScale="0" DisplayColorIndex="1" DisplayMin="-0.025399986284007" DisplayMax="0.025399986284007"/>
 <Override Id="Smooth Center Rake" AutoScale="0" DisplayColorIndex="2" DisplayMin="-0.050799972568015" DisplayMax="0.025399986284007"/>
 <Override Id="Smooth Diffuser Base" AutoScale="0" DisplayMin="-0.500000000000000" DisplayMax="6.000000000000000"/>
 <Override Id="Smooth Diffuser Speed 2 Volume Ratio" DisplayUnit="ratio"/>
 <Override Id="Smooth Diffuser Volume" DisplayColorIndex="5" AutoScale="0" DisplayMin="0.000000000000000" DisplayMax="0.424752695530160"/>
 <Override Id="Smooth Diffuser Wedge" AutoScale="0" DisplayMin="-0.500000000000000" DisplayMax="4.000000000000000"/>
 <Override Id="Smooth FS Height" DisplayColorIndex="2"/>
 <Override Id="Smooth Roll Rate" DisplayColorIndex="7"/>
 <Override Id="Smooth Side Rake" DisplayColorIndex="1"/>
 <Override Id="Speed" DisplayUnit="mph" DisplayDPS="1"/>
 <Override Id="Steer Angle" DisplayDPS="2" DisplayUnit="deg"/>
 <Override Id="Steered Angle" DisplayMax="0.174533000000000" DisplayMin="-0.174533000000000" AutoScale="0"/>
 <Override Id="Steering Angle Calculated" DisplayUnit="rad"/>
 <Override Id="Steering Pinion" DisplayDPS="2" DisplayUnit="in"/>
 <Override Id="Steering Wheel Angle" DisplayDPS="1" DisplayMin="-1.570796340861340" DisplayUnit="deg" AutoScale="0" DisplayMax="1.570796340861340"/>
 <Override Id="Steering Wheel Torque" DisplayDPS="2" DisplayUnit="ft.lbf"/>
 <Override Id="Susp Pos FL" DisplayDPS="2" DisplayUnit="in"/>
 <Override Id="Susp Pos FR" DisplayDPS="2" DisplayUnit="in"/>
 <Override Id="Susp Pos RL" DisplayDPS="2" DisplayUnit="in"/>
 <Override Id="Susp Pos RR" DisplayDPS="2" DisplayUnit="in"/>
 <Override Id="Throttle" DisplayDPS="0"/>
 <Override Id="Throttle Pos" DisplayMax="1.000000000000000" DisplayMin="0.000000000000000" AutoScale="0" DisplayDPS="1"/>
 <Override Id="TrackTemp" DisplayUnit="F" DisplayDPS="1" DisplayColorIndex="1"/>
 <Override Id="Truck Rake Angle" DisplayUnit="deg"/>
 <Override Id="Tyre Pres FL" DisplayDPS="1" DisplayUnit="psi"/>
 <Override Id="Tyre Pres FR" DisplayUnit="psi" DisplayDPS="1"/>
 <Override Id="Tyre Pres RL" DisplayDPS="1" DisplayUnit="psi"/>
 <Override Id="Tyre Pres RR" DisplayDPS="1" DisplayUnit="psi"/>
 <Override Id="Tyre Temp FL Centre" DisplayColorIndex="1" DisplayDPS="0" DisplayUnit="F"/>
 <Override Id="Tyre Temp FL Inner" DisplayColorIndex="1" DisplayDPS="0" DisplayUnit="F"/>
 <Override Id="Tyre Temp FL Outer" DisplayColorIndex="1" DisplayDPS="0" DisplayUnit="F"/>
 <Override Id="Tyre Temp FR Centre" DisplayDPS="0" DisplayUnit="F"/>
 <Override Id="Tyre Temp FR Inner" DisplayColorIndex="4" DisplayDPS="0" DisplayUnit="F" WarnMax="416.483333333333348"/>
 <Override Id="Tyre Temp FR Outer" DisplayColorIndex="4" DisplayDPS="0" DisplayUnit="F"/>
 <Override Id="Tyre Temp RL Centre" DisplayDPS="0" DisplayUnit="F"/>
 <Override Id="Tyre Temp RL Inner" DisplayDPS="0" DisplayUnit="F"/>
 <Override Id="Tyre Temp RL Outer" DisplayDPS="0" DisplayUnit="F"/>
 <Override Id="Tyre Temp RR Centre" DisplayUnit="F" DisplayDPS="0"/>
 <Override Id="Tyre Temp RR Inner" DisplayDPS="0" DisplayUnit="F"/>
 <Override Id="Tyre Temp RR Outer" DisplayDPS="0" DisplayUnit="F"/>
 <Override Id="VelocityX" DisplayUnit="mph"/>
 <Override Id="VelocityY" DisplayUnit="mph"/>
 <Override Id="Vert DF per MPH" AutoScale="0" DisplayMin="-6.096001662989254" DisplayMax="6.096001662989254"/>
 <Override Id="VertAccel" DisplayDPS="2" AutoScale="0" DisplayMin="-29.419956144652041" DisplayMax="29.419956144652041"/>
 <Override Id="WaterTemp" DisplayDPS="0" DisplayUnit="F"/>
 <Override Id="Wheel Speed FL" DisplayUnit="mph" DisplayDPS="1" DisplayColorIndex="1"/>
 <Override Id="Wheel Speed FR" DisplayUnit="mph" DisplayDPS="1"/>
 <Override Id="Wheel Speed RL" DisplayDPS="1" DisplayUnit="mph"/>
 <Override Id="Wheel Speed RR" DisplayDPS="1" DisplayUnit="mph"/>
 <Override Id="Wheel Spin Difference" DisplayColorIndex="1" AutoScale="0" DisplayMin="0.000000000000000" DisplayMax="0.050000000000000"/>
 <Override Id="Wheel Spin LF" AutoScale="0" DisplayMin="-10.000000000000000" DisplayMax="10.000000000000000"/>
 <Override Id="Wheel Spin LR" AutoScale="0" DisplayMin="-10.000000000000000" DisplayMax="10.000000000000000"/>
 <Override Id="Wheel Spin RF" AutoScale="0" DisplayMin="-10.000000000000000" DisplayMax="10.000000000000000"/>
 <Override Id="Wheel Spin RR" AutoScale="0" DisplayMin="-10.000000000000000" DisplayMax="10.000000000000000"/>
 <Override Id="WindDir" DisplayDPS="1" DisplayMin="0.000000000000000" DisplayUnit="deg" AutoScale="0" DisplayMax="6.283185363445360"/>
 <Override Id="WindVel" DisplayDPS="0" DisplayUnit="mph"/>
 <Override Id="Yaw" DisplayUnit="deg"/>
 <Override Id="YawNorth" DisplayDPS="1" DisplayUnit="deg"/>
 <Override Id="YawRate" DisplayDPS="2" DisplayUnit="deg/s"/>
 <Override Id="test Steer Angle" DisplayDPS="2" DisplayUnit="deg"/>
 <Override Id="test Steer Ratio" DisplayDPS="4"/>
 <Override Id="test2 Front Slip Angle" DisplayUnit="deg"/>
 <Override Id="test2 Steer Angle" DisplayUnit="deg"/>
</Overrides>
