<?xml version="1.0"?>
<Maths Locale="English_United States.1252" DefaultLocale="C" Id="User">
 <MathItems>
  <MathExpression Id="LR Wheel Spin" DisplayDPS="2" DisplayColorIndex="6" Interpolate="1" Script="'Wheel Speed RL' [mph] - 'Ground Speed' [mph]

 " SampleRate="0" Unit=""/>
  <MathExpression Id="RR Wheel Spin" DisplayDPS="2" DisplayColorIndex="3" Interpolate="1" Script="'Wheel Speed RR' [mph] - 'Ground Speed' [mph]

" SampleRate="0" Unit=""/>
  <MathExpression Id="Truck Downforce" DisplayUnit="lbf" DisplayDPS="2" DisplayColorIndex="1" Interpolate="1" Script=".00119 * 105.02 *'Truck Lift Coefficient' *(1.467*'Ground Speed' [mph]) *(1.467*'Ground Speed' [mph])
" SampleRate="0" Unit="lbf"/>
  <MathExpression Id="Front 2 Back Left Rake" DisplayUnit="in" DisplayDPS="2" DisplayColorIndex="2" Interpolate="0" Script="'Ride Height RL' [in] -'Ride Height FL' [in]" SampleRate="0" Unit="in"/>
  <MathExpression Id="Front 2 Back Right Rake" DisplayUnit="in" DisplayDPS="2" DisplayColorIndex="3" Interpolate="1" Script="'Ride Height RR' [in]  - 'Ride Height FR' [in]" SampleRate="0" Unit="in"/>
  <MathExpression Id="Center Rake" DisplayUnit="in" DisplayDPS="2" DisplayColorIndex="4" Interpolate="1" Script="(('Ride Height RR' [in] - 'Ride Height RL' [in]) /2 + 'Ride Height RL' [in])  - (('Ride Height FR' [in] - 'Ride Height FL' [in]) /2 + 'Ride Height FL' [in]) 

" SampleRate="0" Unit="in"/>
  <MathExpression Id="Side to Side Rear Rake" DisplayUnit="in" DisplayDPS="2" DisplayColorIndex="0" Interpolate="1" Script="'Ride Height RR' [in] - 'Ride Height FR' [in]" SampleRate="0" Unit="in"/>
  <MathExpression Id="Truck Slope" DisplayDPS="2" DisplayColorIndex="1" Interpolate="1" Script="95/'Center Rake' [in]" SampleRate="0" Unit=""/>
  <MathExpression Id="Truck Rake Angle" DisplayUnit="deg" DisplayDPS="2" DisplayColorIndex="2" Interpolate="1" Script="atan('Truck Slope')" SampleRate="0" Unit="deg"/>
  <MathExpression Id="NextGen Slope" DisplayDPS="2" DisplayColorIndex="3" Interpolate="1" Script="92/'Center Rake' [in]" SampleRate="0" Unit=""/>
  <MathExpression Id="NextGen Rake Angle" DisplayUnit="deg" DisplayDPS="2" DisplayColorIndex="4" Interpolate="1" Script="atan('NextGen Slope')" SampleRate="0" Unit="deg"/>
  <MathExpression Id="Truck Lift Coefficient" DisplayDPS="2" DisplayColorIndex="5" Interpolate="1" Script="2*3.14159265359*('Truck Rake Angle' [deg] *3.14159265359/180)" SampleRate="0" Unit=""/>
  <MathExpression Id="NextGen Lift Coefficient" DisplayDPS="2" DisplayColorIndex="6" Interpolate="1" Script="2*3.141592653598*('NextGen Rake Angle' [deg]*3.14159265359/180)" SampleRate="0" Unit=""/>
  <MathExpression Id="NextGen Downforce" DisplayUnit="lbf" DisplayDPS="2" DisplayColorIndex="7" Interpolate="1" Script=".00119 * 114.72 * 'NextGen Lift Coefficient' * (1.467*'Ground Speed' [mph]) * (1.467*'Ground Speed' [mph]) 
" SampleRate="0" Unit="lbf"/>
 </MathItems>
</Maths>
