<?xml version="1.0"?>
<Maths Locale="English_United States.1252" DefaultLocale="C" Id="Car Config">
 <MathConstants>
  <MathConstant Name="PI" Value="3.14159265" Unit=""/>
 </MathConstants>
 <MathItems>
  <MathExpression Id="Rear Gear" DisplayDPS="2" DisplayColorIndex="4" Interpolate="1" Script="'CarSetup_Chassis_Rear_FinalDriveRatio'" SampleRate="0" Unit=""/>
  <MathExpression Id="Cross Weight" DisplayUnit="%" DisplayDPS="1" DisplayColorIndex="1" Interpolate="1" Script="'CarSetup_Chassis_Front_CrossWeight' [%]" SampleRate="0" Unit="%"/>
  <MathExpression Id="Front Weight" DisplayUnit="%" DisplayDPS="1" DisplayColorIndex="2" Interpolate="1" Script="'CarSetup_Chassis_Front_NoseWeight' [%]" SampleRate="0" Unit="%"/>
  <MathExpression Id="RF Spring" DisplayDPS="0" DisplayColorIndex="6" Interpolate="1" Script="'CarSetup_Chassis_RightFront_SpringRate' [N/mm] * 'Nmm2InLbs' []" SampleRate="0" Unit=""/>
  <MathExpression Id="LF Spring" DisplayDPS="0" DisplayColorIndex="7" Interpolate="1" Script="'CarSetup_Chassis_LeftFront_SpringRate' [N/mm] * 'LF_Nmm2InLbs' []" SampleRate="0" Unit=""/>
  <MathExpression Id="LR Spring" DisplayDPS="0" DisplayColorIndex="0" Interpolate="1" Script="'CarSetup_Chassis_LeftRear_SpringRate' [N/mm] * 'Nmm2InLbs' []" SampleRate="0" Unit=""/>
  <MathExpression Id="RR Spring" DisplayDPS="0" DisplayColorIndex="1" Interpolate="1" Script="'CarSetup_Chassis_RightRear_SpringRate' [N/mm] * 'Nmm2InLbs' []" SampleRate="0" Unit=""/>
  <MathExpression Id="RF Weight" DisplayDPS="0" DisplayColorIndex="3" Interpolate="1" Script="'CarSetup_Chassis_RightFront_CornerWeight' [N] /'Newton2Pounds' []" SampleRate="0" Unit=""/>
  <MathExpression Id="LF Weight" DisplayDPS="0" DisplayColorIndex="4" Interpolate="1" Script="'CarSetup_Chassis_LeftFront_CornerWeight' [N] / 'Newton2Pounds' []" SampleRate="0" Unit=""/>
  <MathExpression Id="LR Weight" DisplayDPS="0" DisplayColorIndex="5" Interpolate="1" Script="'CarSetup_Chassis_LeftRear_CornerWeight' [N] / 'Newton2Pounds' []" SampleRate="0" Unit=""/>
  <MathExpression Id="RR Weight" DisplayDPS="0" DisplayColorIndex="6" Interpolate="1" Script="'CarSetup_Chassis_RightRear_CornerWeight' [N] / 'Newton2Pounds' []" SampleRate="0" Unit=""/>
  <MathExpression Id="Total Weight" DisplayDPS="2" DisplayColorIndex="7" Interpolate="1" Script="'RF Weight' + 'LF Weight' + 'LR Weight' + 'RR Weight'" SampleRate="0" Unit=""/>
  <MathExpression Id="LF Dist" DisplayUnit="%" DisplayDPS="1" DisplayColorIndex="0" Interpolate="1" Script="'LF Weight' / 'Total Weight' * 100" SampleRate="0" Unit="%"/>
  <MathExpression Id="RF Dist" DisplayUnit="%" DisplayDPS="1" DisplayColorIndex="1" Interpolate="1" Script="'RF Weight' / 'Total Weight' * 100" SampleRate="0" Unit="%"/>
  <MathExpression Id="LR Dist" DisplayUnit="%" DisplayDPS="1" DisplayColorIndex="2" Interpolate="1" Script="'LR Weight' / 'Total Weight' * 100" SampleRate="0" Unit="%"/>
  <MathExpression Id="RR Dist" DisplayUnit="%" DisplayDPS="1" DisplayColorIndex="3" Interpolate="1" Script="'RR Weight' / 'Total Weight' * 100" SampleRate="0" Unit="%"/>
  <MathExpression Id="LF LS Comp" DisplayDPS="0" DisplayColorIndex="5" Interpolate="1" Script="'CarSetup_Chassis_LeftFront_LsCompression' [clicks]" SampleRate="0" Unit=""/>
  <MathExpression Id="LF HS Comp" DisplayDPS="0" DisplayColorIndex="6" Interpolate="1" Script="'CarSetup_Chassis_LeftFront_HsCompression' [clicks]" SampleRate="0" Unit=""/>
  <MathExpression Id="LF HS Slope Comp" DisplayDPS="0" DisplayColorIndex="7" Interpolate="1" Script="'CarSetup_Chassis_LeftFront_HsCompSlope' [clicks]" SampleRate="0" Unit=""/>
  <MathExpression Id="LF LS Rebound" DisplayDPS="0" DisplayColorIndex="0" Interpolate="1" Script="'CarSetup_Chassis_LeftFront_LsRebound' [clicks]" SampleRate="0" Unit=""/>
  <MathExpression Id="LF HS Rebound" DisplayDPS="0" DisplayColorIndex="1" Interpolate="1" Script="'CarSetup_Chassis_LeftFront_HsRebound' [clicks]" SampleRate="0" Unit=""/>
  <MathExpression Id="LF HS Slope Rebound" DisplayDPS="0" DisplayColorIndex="2" Interpolate="1" Script="'CarSetup_Chassis_LeftFront_HsReboundSlope' [clicks]" SampleRate="0" Unit=""/>
  <MathExpression Id="RF LS Comp" DisplayDPS="0" DisplayColorIndex="3" Interpolate="1" Script="'CarSetup_Chassis_RightFront_LsCompression' [clicks]" SampleRate="0" Unit=""/>
  <MathExpression Id="RF HS Comp" DisplayDPS="0" DisplayColorIndex="4" Interpolate="1" Script="'CarSetup_Chassis_RightFront_HsCompression' [clicks]" SampleRate="0" Unit=""/>
  <MathExpression Id="RF HS Slope Comp" DisplayDPS="0" DisplayColorIndex="5" Interpolate="1" Script="'CarSetup_Chassis_RightFront_HsCompSlope' [clicks]" SampleRate="0" Unit=""/>
  <MathExpression Id="RF LS Rebound" DisplayDPS="0" DisplayColorIndex="6" Interpolate="1" Script="'CarSetup_Chassis_RightFront_LsRebound' [clicks]" SampleRate="0" Unit=""/>
  <MathExpression Id="RF HS Rebound" DisplayDPS="0" DisplayColorIndex="7" Interpolate="1" Script="'CarSetup_Chassis_RightFront_HsRebound' [clicks]" SampleRate="0" Unit=""/>
  <MathExpression Id="RF HS Slope Rebound" DisplayDPS="0" DisplayColorIndex="0" Interpolate="1" Script="'CarSetup_Chassis_RightFront_HsReboundSlope' [clicks]" SampleRate="0" Unit=""/>
  <MathExpression Id="LR LS Comp" DisplayDPS="0" DisplayColorIndex="1" Interpolate="1" Script="'CarSetup_Chassis_LeftRear_LsCompression' [clicks]" SampleRate="0" Unit=""/>
  <MathExpression Id="LR HS Comp" DisplayDPS="0" DisplayColorIndex="3" Interpolate="1" Script="'CarSetup_Chassis_LeftRear_HsCompression' [clicks]" SampleRate="0" Unit=""/>
  <MathExpression Id="LR HS Slope Comp" DisplayDPS="0" DisplayColorIndex="4" Interpolate="1" Script="'CarSetup_Chassis_LeftRear_HsCompSlope' [clicks]" SampleRate="0" Unit=""/>
  <MathExpression Id="LR LS Rebound" DisplayDPS="0" DisplayColorIndex="5" Interpolate="1" Script="'CarSetup_Chassis_LeftRear_LsRebound' [clicks]" SampleRate="0" Unit=""/>
  <MathExpression Id="LR HS Rebound" DisplayDPS="0" DisplayColorIndex="6" Interpolate="1" Script="'CarSetup_Chassis_LeftRear_HsRebound' [clicks]" SampleRate="0" Unit=""/>
  <MathExpression Id="LR HS Slope Rebound" DisplayDPS="0" DisplayColorIndex="7" Interpolate="1" Script="'CarSetup_Chassis_LeftRear_HsReboundSlope' [clicks]" SampleRate="0" Unit=""/>
  <MathExpression Id="RR LS Comp" DisplayDPS="0" DisplayColorIndex="0" Interpolate="1" Script="'CarSetup_Chassis_RightRear_LsCompression' [clicks]" SampleRate="0" Unit=""/>
  <MathExpression Id="RR HS Comp" DisplayDPS="0" DisplayColorIndex="1" Interpolate="1" Script="'CarSetup_Chassis_RightRear_HsCompression' [clicks]" SampleRate="0" Unit=""/>
  <MathExpression Id="RR HS Slope Comp" DisplayDPS="0" DisplayColorIndex="3" Interpolate="1" Script="'CarSetup_Chassis_RightRear_HsCompSlope' [clicks]" SampleRate="0" Unit=""/>
  <MathExpression Id="RR LS Rebound" DisplayDPS="0" DisplayColorIndex="4" Interpolate="1" Script="'CarSetup_Chassis_RightRear_LsRebound' [clicks]" SampleRate="0" Unit=""/>
  <MathExpression Id="RR HS Rebound" DisplayDPS="0" DisplayColorIndex="5" Interpolate="1" Script="'CarSetup_Chassis_RightRear_HsRebound' [clicks]" SampleRate="0" Unit=""/>
  <MathExpression Id="RR HS Slope Rebound" DisplayDPS="0" DisplayColorIndex="6" Interpolate="1" Script="'CarSetup_Chassis_RightRear_HsReboundSlope' [clicks]" SampleRate="0" Unit=""/>
  <MathExpression Id="Left Dist" DisplayUnit="%" DisplayDPS="1" DisplayColorIndex="0" Interpolate="1" Script="('LF Weight' + 'LR Weight' ) / 'Total Weight' * 100" SampleRate="0" Unit="%"/>
  <MathExpression Id="LF Collar" DisplayDPS="3" DisplayColorIndex="1" Interpolate="1" Script="'CarSetup_Chassis_LeftFront_ShockCollarOffset' [mm] / 'mmToInch' []" SampleRate="0" Unit=""/>
  <MathExpression Id="RF Collar" DisplayDPS="3" DisplayColorIndex="2" Interpolate="1" Script="'CarSetup_Chassis_RightFront_ShockCollarOffset' [mm] / 'mmToInch' []" SampleRate="0" Unit=""/>
  <MathExpression Id="LR Collar" DisplayDPS="3" DisplayColorIndex="3" Interpolate="1" Script="'CarSetup_Chassis_LeftRear_ShockCollarOffset' [mm] / 'mmToInch' []" SampleRate="0" Unit=""/>
  <MathExpression Id="RR Collar" DisplayDPS="3" DisplayColorIndex="4" Interpolate="1" Script="'CarSetup_Chassis_RightFront_ShockCollarOffset' [mm] / 'mmToInch' []" SampleRate="0" Unit=""/>
  <MathExpression Id="RF Static Ride Height" DisplayDPS="3" DisplayColorIndex="5" Interpolate="1" Script="'CarSetup_Chassis_RightFront_RideHeight' [mm] / 'mmToInch' []" SampleRate="0" Unit=""/>
  <MathExpression Id="LF Static Ride Height" DisplayDPS="3" DisplayColorIndex="6" Interpolate="1" Script="'CarSetup_Chassis_LeftFront_RideHeight' [mm] / 'mmToInch' []" SampleRate="0" Unit=""/>
  <MathExpression Id="LR Static Ride Height" DisplayDPS="3" DisplayColorIndex="7" Interpolate="1" Script="'CarSetup_Chassis_LeftRear_RideHeight' [mm] / 'mmToInch' []" SampleRate="0" Unit=""/>
  <MathExpression Id="RR Static Ride Height" DisplayDPS="3" DisplayColorIndex="0" Interpolate="1" Script="'CarSetup_Chassis_RightRear_RideHeight' [mm] / 'mmToInch' []" SampleRate="0" Unit=""/>
  <MathExpression Id="Front ARB Dia" DisplayDPS="3" DisplayColorIndex="1" Interpolate="1" Script="'CarSetup_Chassis_FrontArb_Diameter' [mm] / 25.5" SampleRate="0" Unit=""/>
  <MathExpression Id="Front ARB Preload" DisplayDPS="2" DisplayColorIndex="2" Interpolate="1" Script="'CarSetup_Chassis_FrontArb_ArbPreload' [N.m] " SampleRate="0" Unit=""/>
  <MathExpression Id="Rear ARB Dia" DisplayDPS="3" DisplayColorIndex="0" Interpolate="1" Script="'CarSetup_Chassis_Rear_Diameter' [mm] / 25.5" SampleRate="0" Unit=""/>
  <MathExpression Id="Rear ARB Preload" DisplayDPS="2" DisplayColorIndex="3" Interpolate="1" Script="'CarSetup_Chassis_Rear_ArbPreload' [N.m] / 'ArbPreloadmm2ftlbs' []" SampleRate="0" Unit=""/>
  <MathExpression Id="Front ARB Attach" DisplayDPS="0" DisplayColorIndex="4" Interpolate="1" Script="'CarSetup_Chassis_FrontArb_Attach'" SampleRate="0" Unit=""/>
  <MathExpression Id="Rear ARB Attach" DisplayDPS="0" DisplayColorIndex="5" Interpolate="1" Script="'CarSetup_Chassis_Rear_Attach'" SampleRate="0" Unit=""/>
  <MathExpression Id="LF Cold Pressure" DisplayDPS="1" DisplayColorIndex="6" Interpolate="1" Script="'CarSetup_Tires_LeftFront_ColdPressure' [kPa] * 'kpa2lbsi' []" SampleRate="0" Unit=""/>
  <MathExpression Id="RF Cold Pressure" DisplayDPS="1" DisplayColorIndex="0" Interpolate="1" Script="'CarSetup_Tires_RightFront_ColdPressure' [kPa] * 'kpa2lbsi' []" SampleRate="0" Unit=""/>
  <MathExpression Id="LR Cold Pressure" DisplayDPS="1" DisplayColorIndex="1" Interpolate="1" Script="'CarSetup_Tires_LeftRear_ColdPressure' [kPa] * 'kpa2lbsi' []" SampleRate="0" Unit=""/>
  <MathExpression Id="RR Cold Pressure" DisplayDPS="1" DisplayColorIndex="2" Interpolate="1" Script="'CarSetup_Tires_RightRear_ColdPressure' [kPa] * 'kpa2lbsi' []" SampleRate="0" Unit=""/>
  <MathExpression Id="Front Center Static Ride Height" DisplayUnit="in" DisplayDPS="2" DisplayColorIndex="4" Interpolate="1" Script="('RF Static Ride Height' - 'LF Static Ride Height' ) / 2 + 'LF Static Ride Height'" SampleRate="0" Unit="in"/>
  <MathExpression Id="Front Brake Bias" DisplayUnit="%" DisplayDPS="1" DisplayColorIndex="5" Interpolate="1" Script="'CarSetup_Chassis_Front_FrontBrakeBias' [%]" SampleRate="0" Unit="%"/>
  <MathExpression Id="LF Camber" DisplayUnit="deg" DisplayDPS="0" DisplayColorIndex="6" Interpolate="1" Script="'CarSetup_Chassis_LeftFront_Camber' [deg]" SampleRate="0" Unit="deg"/>
  <MathExpression Id="RF Camber" DisplayUnit="deg" DisplayDPS="0" DisplayColorIndex="7" Interpolate="1" Script="'CarSetup_Chassis_RightFront_Camber' [deg]" SampleRate="0" Unit="deg"/>
  <MathExpression Id="LR Camber" DisplayUnit="deg" DisplayDPS="0" DisplayColorIndex="0" Interpolate="1" Script="'CarSetup_Chassis_LeftRear_Camber' [deg]" SampleRate="0" Unit="deg"/>
  <MathExpression Id="RR Camber" DisplayUnit="deg" DisplayDPS="0" DisplayColorIndex="1" Interpolate="1" Script="'CarSetup_Chassis_RightRear_Camber' [deg]" SampleRate="0" Unit="deg"/>
  <MathExpression Id="LF Caster" DisplayUnit="deg" DisplayDPS="0" DisplayColorIndex="2" Interpolate="1" Script="'CarSetup_Chassis_LeftFront_Caster' [deg]" SampleRate="0" Unit="deg"/>
  <MathExpression Id="RF Caster" DisplayUnit="deg" DisplayDPS="0" DisplayColorIndex="4" Interpolate="1" Script="'CarSetup_Chassis_RightFront_Caster' [deg]" SampleRate="0" Unit="deg"/>
  <MathExpression Id="Front ARB Arm" DisplayDPS="2" DisplayColorIndex="0" Interpolate="1" Script="'CarSetup_Chassis_FrontArb_ArbArm'" SampleRate="0" Unit=""/>
  <MathExpression Id="Rear ARB Arm" DisplayDPS="2" DisplayColorIndex="1" Interpolate="1" Script="'CarSetup_Chassis_Rear_ArbArm'" SampleRate="0" Unit=""/>
  <MathExpression Id="LF Toe" DisplayUnit="in" DisplayDPS="2" DisplayColorIndex="1" Interpolate="1" Script="'CarSetup_Chassis_LeftFront_ToeIn' [mm] / 'mmToInch' []" SampleRate="0" Unit="in"/>
  <MathExpression Id="RF Toe" DisplayUnit="in" DisplayDPS="2" DisplayColorIndex="2" Interpolate="1" Script="'CarSetup_Chassis_RightFront_ToeIn' [mm] / 'mmToInch' []" SampleRate="0" Unit="in"/>
  <MathExpression Id="LR Toe" DisplayUnit="in" DisplayDPS="2" DisplayColorIndex="3" Interpolate="1" Script="'CarSetup_Chassis_LeftRear_ToeIn' [mm] / 'mmToInch' []" SampleRate="0" Unit="in"/>
  <MathExpression Id="RR Toe" DisplayUnit="in" DisplayDPS="2" DisplayColorIndex="4" Interpolate="1" Script="'CarSetup_Chassis_RightRear_ToeIn' [mm] / 'mmToInch' []" SampleRate="0" Unit="in"/>
  <MathExpression Id="Steering Pinion" DisplayUnit="in" DisplayDPS="2" DisplayColorIndex="1" Interpolate="1" Script="'CarSetup_Chassis_Front_SteeringPinion' [mm]" SampleRate="0" Unit="mm"/>
 </MathItems>
</Maths>
