<?xml version="1.0"?>
<Maths Locale="English_United States.1252" DefaultLocale="C" Id="User">
 <MathConstants>
  <MathConstant Name="ArbMM2Inch" Value="25.45454545454545" Unit=""/>
  <MathConstant Name="ArbPreloadmm2ftlbs" Value="0.1927710843373494" Unit=""/>
  <MathConstant Name="CubicInch2CubicFt" Value="1728" Unit=""/>
  <MathConstant Name="Engine_BTU_EQ_Reducer" Value="7.466" Unit=""/>
  <MathConstant Name="inch2meters" Value="0.0254" Unit=""/>
  <MathConstant Name="Kg2Pounds" Value="2.204623" Unit=""/>
  <MathConstant Name="kpa2lbsi" Value="0.145" Unit=""/>
  <MathConstant Name="LF_Nmm2InLbs" Value="5.70866" Unit=""/>
  <MathConstant Name="LittleGravity" Value="9.80665" Unit="m/s/s"/>
  <MathConstant Name="LRRubBlockHeight" Value=".5" Unit=""/>
  <MathConstant Name="MeterSecondsToMPH" Value="2.23694" Unit=""/>
  <MathConstant Name="mmToInch" Value="25.4" Unit=""/>
  <MathConstant Name="Mph2FeetPerSec" Value="1.466667" Unit=""/>
  <MathConstant Name="MtoInchConverter" Value="39.3701" Unit=""/>
  <MathConstant Name="Newton2Pounds" Value="4.446743" Unit=""/>
  <MathConstant Name="NextGenCamShaftHeight" Value="12" Unit=""/>
  <MathConstant Name="NextGenTireDiameterLeft" Value="28.17" Unit="in"/>
  <MathConstant Name="NextGenTireDiameterRight" Value="28.53" Unit="in"/>
  <MathConstant Name="NextGenTireWidth" Value="14" Unit=""/>
  <MathConstant Name="NextGenTrackWidth" Value="79" Unit="in"/>
  <MathConstant Name="NextGenWheelBase" Value="110" Unit="in"/>
  <MathConstant Name="Nmm2InLbs" Value="5.714286" Unit=""/>
  <MathConstant Name="Pi" Value="3.14159265359" Unit=""/>
  <MathConstant Name="ThermalEfficiency" Value=".3" Unit=""/>
 </MathConstants>
 <MathItems>
  <MathExpression Comment="Ride Height Functions Divider" Id="Ride Height Functions" DisplayDPS="2" DisplayColorIndex="2" Interpolate="1" Script="1" SampleRate="0" Unit=""/>
  <MathExpression Id="Front Center RH" DisplayUnit="in" DisplayDPS="2" DisplayColorIndex="2" Interpolate="1" Script="('Ride Height FR' [in] - 'Ride Height FL' [in]) / 2 + 'Ride Height FL' [in]" SampleRate="0" Unit="in"/>
  <MathExpression Id="Rear Center RH" DisplayUnit="in" DisplayDPS="2" DisplayColorIndex="3" Interpolate="1" Script="('Ride Height RR' [in] - 'Ride Height RL' [in]) / 2 + 'Ride Height RL' [in]" SampleRate="0" Unit="in"/>
  <MathExpression Id="Center Rake" DisplayUnit="in" DisplayDPS="2" DisplayColorIndex="4" Interpolate="1" Script="(('Ride Height RR' [in] - 'Ride Height RL' [in]) /2 + 'Ride Height RL' [in])  - (('Ride Height FR' [in] - 'Ride Height FL' [in]) /2 + 'Ride Height FL' [in]) 

" SampleRate="0" Unit="in"/>
  <MathExpression Id="Rear Center Height" DisplayUnit="in" DisplayDPS="2" DisplayColorIndex="3" Interpolate="1" Script="(('Ride Height RR' [in] - 'Ride Height RL' [in]) /2 + 'Ride Height RL' [in])  " SampleRate="0" Unit="in"/>
  <MathExpression Id="Smooth Center Rake" DisplayUnit="in" DisplayDPS="2" DisplayColorIndex="4" Interpolate="1" Script="smooth('Center Rake' [in], 20)" SampleRate="0" Unit="in"/>
  <MathExpression Id="Smooth FS Height" DisplayUnit="in" DisplayDPS="2" DisplayColorIndex="5" Interpolate="1" Script="smooth('FS Height' [in], 20)" SampleRate="0" Unit="in"/>
  <MathExpression Id="Smooth Side Rake" DisplayUnit="in" DisplayDPS="2" DisplayColorIndex="6" Interpolate="1" Script="smooth('Side Rake' [in], 20)" SampleRate="0" Unit="in"/>
  <MathExpression Comment="Just a remap of letters for readability
" Id="RF Ride Height" DisplayUnit="in" DisplayDPS="2" DisplayColorIndex="0" Interpolate="1" Script="'Ride Height FR' [in]" SampleRate="0" Unit="in"/>
  <MathExpression Comment="Just a remap of letters for readability" Id="LF Ride Height" DisplayUnit="in" DisplayDPS="2" DisplayColorIndex="1" Interpolate="1" Script="'Ride Height FL' [in]" SampleRate="0" Unit="in"/>
  <MathExpression Comment="Just a remap of letters for readability" Id="FS Height" DisplayUnit="in" DisplayDPS="2" DisplayColorIndex="2" Interpolate="1" Script="'Ride Height FS' [in]" SampleRate="0" Unit="in"/>
  <MathExpression Comment="Just a remap of letters for readability" Id="RR Ride Height" DisplayUnit="in" DisplayDPS="2" DisplayColorIndex="3" Interpolate="1" Script="'RRrideHeight' [in]" SampleRate="0" Unit="in"/>
  <MathExpression Comment="Just a remap of letters for readability" Id="LR Ride Height" DisplayUnit="in" DisplayDPS="2" DisplayColorIndex="4" Interpolate="1" Script="'Ride Height RL' [in]" SampleRate="0" Unit="in"/>
  <MathExpression Id="Side Rake" DisplayUnit="in" DisplayDPS="2" DisplayColorIndex="2" Interpolate="1" Script="((('Ride Height RR' [in] - 'Ride Height FR' [in]) / 2 ) + 'Ride Height FR' [in]) - ((('Ride Height RL' [in] - 'Ride Height FL' [in] ) / 2 ) + 'Ride Height FL' [in])

" SampleRate="0" Unit="in"/>
  <MathExpression Id="Smooth Front Center Height" DisplayUnit="in" DisplayDPS="2" DisplayColorIndex="3" Interpolate="1" Script="smooth('Front Center RH' [in], 20)" SampleRate="0" Unit="in"/>
  <MathExpression Comment="Aero Functions Divider" Id="Aero Functions" DisplayDPS="2" DisplayColorIndex="1" Interpolate="1" Script="2" SampleRate="0" Unit=""/>
  <MathExpression Id="NextGen Rake Angle" DisplayUnit="deg" DisplayDPS="5" DisplayColorIndex="4" Interpolate="1" Script="smooth(atan('NextGen Slope'),10)" SampleRate="0" Unit="deg"/>
  <MathExpression Id="NextGen Lift Coefficient" DisplayDPS="2" DisplayColorIndex="6" Interpolate="1" Script="2*3.141592653598*('NextGen Rake Angle' [deg]*3.14159265359/180)" SampleRate="0" Unit=""/>
  <MathExpression Id="NextGen Downforce" DisplayUnit="lbf" DisplayDPS="2" DisplayColorIndex="7" Interpolate="1" Script=".00119 * 114.72 * 'NextGen Lift Coefficient' * (1.467*'Ground Speed' [mph]) * (1.467*'Ground Speed' [mph]) 
" SampleRate="0" Unit="lbf"/>
  <MathExpression Id="NextGen Slope" DisplayDPS="2" DisplayColorIndex="3" Interpolate="1" Script="92 / 'Center Rake' [in] " SampleRate="0" Unit=""/>
  <MathExpression Comment="Wheel Spin Functions Divider" Id="Wheel Spin Functions" DisplayDPS="2" DisplayColorIndex="3" Interpolate="1" Script="3" SampleRate="0" Unit=""/>
  <MathExpression Id="LR Speed - FWD Speed" DisplayDPS="2" DisplayColorIndex="6" Interpolate="1" Script="'Wheel Speed RL' [mph] - 'Corr Speed' [mph]

 " SampleRate="0" Unit=""/>
  <MathExpression Id="RR Speed - FWD Speed" DisplayDPS="2" DisplayColorIndex="3" Interpolate="1" Script="'Wheel Speed RR' [mph] - 'Corr Speed' [mph]

" SampleRate="0" Unit=""/>
  <MathExpression Id="LF Speed - FWD Speed" DisplayDPS="2" DisplayColorIndex="1" Interpolate="1" Script="'Wheel Speed FL' [mph] -'Corr Speed' [mph]" SampleRate="0" Unit=""/>
  <MathExpression Id="RF Speed - FWD Speed" DisplayDPS="2" DisplayColorIndex="4" Interpolate="1" Script="'Wheel Speed FR' [mph] - 'Corr Speed' [mph]" SampleRate="0" Unit=""/>
  <MathExpression Id="Wheel Spin Difference" DisplayUnit="%" DisplayDPS="2" DisplayColorIndex="0" Interpolate="1" Script="(('Wheel Speed RR' [mph] - 'Wheel Speed RL' [mph]) / 'Wheel Speed RL' [mph]) * 100" SampleRate="0" Unit="%"/>
  <MathExpression Id="LR Speed vs FWD Speed Percentage" DisplayUnit="%" DisplayDPS="2" DisplayColorIndex="2" Interpolate="1" Script="(('Wheel Speed RL' [mph] -'Speed' [mph] ) / 'Wheel Speed RL' [mph]) * 100" SampleRate="0" Unit="%"/>
  <MathExpression Id="RR Speed vs FWD Speed Percentage" DisplayUnit="%" DisplayDPS="2" DisplayColorIndex="3" Interpolate="1" Script="(('Wheel Speed RR' [mph]- 'Speed' [mph])/'Wheel Speed RR' [mph] ) * 100" SampleRate="0" Unit="%"/>
  <MathExpression Id="WheelTorq2GRatio" DisplayDPS="2" DisplayColorIndex="0" Interpolate="1" Script="'G Force Lat' [G]/'Steering Wheel Torque' [N.m]" SampleRate="0" Unit=""/>
  <MathExpression Comment="Diffuser Functions Divider" Id="Diffuser Functions" DisplayDPS="2" DisplayColorIndex="4" Interpolate="1" Script="4" SampleRate="0" Unit=""/>
  <MathExpression Id="Diffuser Base Volume" DisplayUnit="cft" DisplayDPS="2" DisplayColorIndex="1" Interpolate="1" Script="('Front Center RH' [in] * 'NextGenWheelBase' [in] * 'NextGenTrackWidth' [in]) / 'CubicInch2CubicFt' []" SampleRate="0" Unit="cft"/>
  <MathExpression Id="Diffuser Wedge Volume" DisplayUnit="cft" DisplayDPS="2" DisplayColorIndex="1" Interpolate="1" Script="('NextGenTrackWidth' [in] * ('Rear Center RH' [in] - 'Front Center RH' [in]) * sqrt(sqr('NextGenWheelBase' [in])  + sqr('Rear Center RH' [in] - 'Front Center RH' [in]) / 2 )) / 'CubicInch2CubicFt' []" SampleRate="0" Unit="cft"/>
  <MathExpression Id="Diffuser Volume" DisplayUnit="cft" DisplayDPS="2" DisplayColorIndex="5" Interpolate="1" Script="'Diffuser Base Volume' [cft] + 'Diffuser Wedge Volume' [cft]" SampleRate="0" Unit="cft"/>
  <MathExpression Id="Diffuser Volume to Speed Ratio" DisplayUnit="ratio" DisplayDPS="2" DisplayColorIndex="6" Interpolate="1" Script="'Diffuser Volume' [cft] /'Ground Speed' [mph] * 100" SampleRate="0" Unit="ratio"/>
  <MathExpression Id="Smooth Diffuser Volume" DisplayUnit="cft" DisplayDPS="2" DisplayColorIndex="7" Interpolate="1" Script="smooth('Diffuser Volume' [cft], 20)" SampleRate="0" Unit="cft"/>
  <MathExpression Id="Smooth Diffuser Speed 2 Volume Ratio" DisplayUnit="%" DisplayDPS="2" DisplayColorIndex="0" Interpolate="1" Script="smooth('Diffuser Volume to Speed Ratio' [%], 20)" SampleRate="0" Unit="%"/>
  <MathExpression Id="Smooth Diffuser Wedge" DisplayDPS="2" DisplayColorIndex="0" Interpolate="1" Script="smooth('Diffuser Wedge Volume' [cft], 20)" SampleRate="0" Unit=""/>
  <MathExpression Id="Smooth Diffuser Base" DisplayUnit="cft" DisplayDPS="2" DisplayColorIndex="0" Interpolate="1" Script="smooth('Diffuser Base Volume' [cft], 20)" SampleRate="0" Unit="cft"/>
  <MathExpression Comment="Tire Functions Line Divider" Id="Tire Functions " DisplayDPS="2" DisplayColorIndex="5" Interpolate="1" Script="5" SampleRate="0" Unit=""/>
  <MathExpression Id="RF Pressure Change" DisplayUnit="psi" DisplayDPS="1" DisplayColorIndex="1" Interpolate="1" Script="'CarSetup_Tires_RightFront_LastHotPressure' [psi] - ('CarSetup_Tires_RightFront_ColdPressure' [psi] )" SampleRate="0" Unit="psi"/>
  <MathExpression Id="LF Pressure Change" DisplayUnit="psi" DisplayDPS="1" DisplayColorIndex="2" Interpolate="1" Script="'CarSetup_Tires_LeftFront_LastHotPressure' [psi] - ('CarSetup_Tires_LeftFront_ColdPressure' [psi] )" SampleRate="0" Unit="psi"/>
  <MathExpression Id="LR Pressure Change" DisplayUnit="psi" DisplayDPS="1" DisplayColorIndex="3" Interpolate="1" Script="'CarSetup_Tires_LeftRear_LastHotPressure' [psi] - ('CarSetup_Tires_LeftRear_ColdPressure' [psi] )" SampleRate="0" Unit="psi"/>
  <MathExpression Id="RR Pressure Change" DisplayUnit="psi" DisplayDPS="1" DisplayColorIndex="4" Interpolate="1" Script="'CarSetup_Tires_RightRear_LastHotPressure' [psi] - ('CarSetup_Tires_RightRear_ColdPressure' [psi])" SampleRate="0" Unit="psi"/>
  <MathExpression Comment="Engine Dyno Functions Divider" Id="Engine Dyno Functions" DisplayDPS="2" DisplayColorIndex="6" Interpolate="1" Script="6" SampleRate="0" Unit=""/>
  <MathExpression Id="Horsepower" DisplayDPS="2" DisplayColorIndex="6" Interpolate="1" Script="'ThermalEfficiency' [] * 'FuelUsePerHour' [kg/h] * 'Kg2Pounds' [] * 'Engine_BTU_EQ_Reducer' []" SampleRate="0" Unit=""/>
  <MathExpression Id="Engine Torque" DisplayDPS="2" DisplayColorIndex="1" Interpolate="1" Script="('Horsepower' * 5252) / 'RPM' [rpm]" SampleRate="0" Unit=""/>
  <MathExpression Comment="Not used" Id="Brake Specific Fuel Consumption" DisplayDPS="2" DisplayColorIndex="7" Interpolate="1" Script="('FuelUsePerHour' [kg/h] * 'Kg2Pounds' [])/ 'Horsepower'" SampleRate="0" Unit=""/>
  <MathExpression Comment="Not used" Id="Avg Power" DisplayDPS="2" DisplayColorIndex="5" Interpolate="1" Script="('Horsepower' + 'Engine Torque') / 2" SampleRate="0" Unit=""/>
  <MathExpression Comment="CoG Functions Divider" Id="CoG Functions" DisplayDPS="2" DisplayColorIndex="7" Interpolate="1" Script="7" SampleRate="0" Unit=""/>
  <MathExpression Id="COGHeight" DisplayUnit="in" DisplayDPS="2" DisplayColorIndex="3" Interpolate="1" Script="'Front Center Static Ride Height' [in] + 'NextGenCamShaftHeight' []" SampleRate="0" Unit="in"/>
  <MathExpression Id="LateralGToWeight" DisplayUnit="m/s/s" DisplayDPS="2" DisplayColorIndex="0" Interpolate="1" Script="'G Force Lat' [G]/'LittleGravity' [m/s/s]" SampleRate="0" Unit="m/s/s"/>
  <MathExpression Id="CenterLineCOG" DisplayUnit="in" DisplayDPS="1" DisplayColorIndex="1" Interpolate="1" Script="('NextGenTrackWidth' [in]/2) -('NextGenTrackWidth' [in]  * ('Left Dist' [%]/ 100))" SampleRate="0" Unit="in"/>
  <MathExpression Id="FrontToRearCOG" DisplayUnit="in" DisplayDPS="1" DisplayColorIndex="2" Interpolate="1" EnumerationName="" Script=" ('NextGenWheelBase' [in] * ('CarSetup_Chassis_Front_NoseWeight' [%] / 100)) -('NextGenWheelBase' [in] / 2) " SampleRate="0" Unit="in"/>
  <MathExpression Comment="Line divider placeholder" Id="Misc Functions" DisplayDPS="2" DisplayColorIndex="1" Interpolate="1" Script="8" SampleRate="0" Unit=""/>
  <MathExpression Comment="not used" Id="GforceTotal" DisplayUnit="N" DisplayDPS="2" DisplayColorIndex="0" Interpolate="1" Script="'G Force Lat' [G]/'G Force Long' [G]" SampleRate="0" Unit="N"/>
 </MathItems>
</Maths>
