<?xml version="1.0"?>
<Maths Locale="English_United States.1252" DefaultLocale="C" Id="User">
 <MathConstants>
  <MathConstant Name="ArbMM2Inch" Value="25.45454545454545" Unit=""/>
  <MathConstant Name="ArbPreloadmm2ftlbs" Value="0.1927710843373494" Unit=""/>
  <MathConstant Name="CubicInch2CubicFt" Value="1728" Unit=""/>
  <MathConstant Name="Engine_BTU_EQ_Reducer" Value="7.466" Unit=""/>
  <MathConstant Name="Kg2Pounds" Value="2.204623" Unit=""/>
  <MathConstant Name="kpa2lbsi" Value="0.145" Unit=""/>
  <MathConstant Name="LF_Nmm2InLbs" Value="5.70866" Unit=""/>
  <MathConstant Name="LFRubBlockHeight" Value=".5" Unit=""/>
  <MathConstant Name="LRRubBlockHeight" Value=".5" Unit=""/>
  <MathConstant Name="MeterSecondsToMPH" Value="2.23694" Unit=""/>
  <MathConstant Name="mmToInch" Value="25.4" Unit=""/>
  <MathConstant Name="MtoInchConverter" Value="39.3701" Unit=""/>
  <MathConstant Name="Newton2Pounds" Value="4.446743" Unit=""/>
  <MathConstant Name="NextGenCamShaftHeight" Value="12" Unit=""/>
  <MathConstant Name="NextGenTireDiameterFront" Value="20" Unit="in"/>
  <MathConstant Name="NextGenTireDiameterRear" Value="20" Unit="in"/>
  <MathConstant Name="NextGenTireWidth" Value="14" Unit=""/>
  <MathConstant Name="NextGenTrackWidth" Value="79" Unit="in"/>
  <MathConstant Name="NextGenWheelBase" Value="110" Unit="in"/>
  <MathConstant Name="Nmm2InLbs" Value="5.714286" Unit=""/>
  <MathConstant Name="Pi" Value="3.14159265359" Unit=""/>
  <MathConstant Name="RFRubBlockHeight" Value=".75" Unit=""/>
  <MathConstant Name="RRRubBlockHeight" Value=".75" Unit=""/>
  <MathConstant Name="RubBlockHeight" Value=".35" Unit=""/>
  <MathConstant Name="ThermalEfficiency" Value=".3" Unit=""/>
  <MathConstant Name="Toe Setting LF" Value=".0625" Unit="in" Comment="Manually set to match toe in decimal form."/>
  <MathConstant Name="Toe Setting RF" Value="0" Unit="in" Comment="Manually set to match toe in decimal form."/>
 </MathConstants>
 <MathItems>
  <MathExpression Id="LR Wheel Spin" DisplayDPS="2" DisplayColorIndex="6" Interpolate="1" Script="'Wheel Speed RL' [mph] - 'Ground Speed' [mph]

 " SampleRate="0" Unit=""/>
  <MathExpression Id="RR Wheel Spin" DisplayDPS="2" DisplayColorIndex="3" Interpolate="1" Script="'Wheel Speed RR' [mph] - 'Ground Speed' [mph]

" SampleRate="0" Unit=""/>
  <MathExpression Id="Truck Downforce" DisplayUnit="lbf" DisplayDPS="2" DisplayColorIndex="1" Interpolate="1" Script=".00119 * 105.02 *'Truck Lift Coefficient' *(1.467*'Ground Speed' [mph]) *(1.467*'Ground Speed' [mph])
" SampleRate="0" Unit="lbf"/>
  <MathExpression Id="Center Rake" DisplayUnit="in" DisplayDPS="2" DisplayColorIndex="4" Interpolate="1" Script="(('Ride Height RR' [in] - 'Ride Height RL' [in]) /2 + 'Ride Height RL' [in])  - (('Ride Height FR' [in] - 'Ride Height FL' [in]) /2 + 'Ride Height FL' [in]) 

" SampleRate="0" Unit="in"/>
  <MathExpression Id="Truck Slope" DisplayDPS="2" DisplayColorIndex="1" Interpolate="1" Script="95/'Center Rake' [in]" SampleRate="0" Unit=""/>
  <MathExpression Id="Truck Rake Angle" DisplayUnit="deg" DisplayDPS="2" DisplayColorIndex="2" Interpolate="1" Script="atan('Truck Slope')" SampleRate="0" Unit="deg"/>
  <MathExpression Id="NextGen Slope" DisplayDPS="2" DisplayColorIndex="3" Interpolate="1" Script="92/'Center Rake' [in]" SampleRate="0" Unit=""/>
  <MathExpression Id="NextGen Rake Angle" DisplayUnit="deg" DisplayDPS="5" DisplayColorIndex="4" Interpolate="1" Script="smooth(atan('NextGen Slope'),10)" SampleRate="0" Unit="deg"/>
  <MathExpression Id="Truck Lift Coefficient" DisplayDPS="2" DisplayColorIndex="5" Interpolate="1" Script="2*3.14159265359*('Truck Rake Angle' [deg] *3.14159265359/180)" SampleRate="0" Unit=""/>
  <MathExpression Id="NextGen Lift Coefficient" DisplayDPS="2" DisplayColorIndex="6" Interpolate="1" Script="2*3.141592653598*('NextGen Rake Angle' [deg]*3.14159265359/180)" SampleRate="0" Unit=""/>
  <MathExpression Id="NextGen Downforce" DisplayUnit="lbf" DisplayDPS="2" DisplayColorIndex="7" Interpolate="1" Script=".00119 * 114.72 * 'NextGen Lift Coefficient' * (1.467*'Ground Speed' [mph]) * (1.467*'Ground Speed' [mph]) 
" SampleRate="0" Unit="lbf"/>
  <MathExpression Id="WheelTorq2GRatio" DisplayDPS="2" DisplayColorIndex="0" Interpolate="1" Script="'G Force Lat' [G]/'Steering Wheel Torque' [N.m]" SampleRate="0" Unit=""/>
  <MathExpression Id="LF Wheel Spin" DisplayDPS="2" DisplayColorIndex="0" Interpolate="1" Script="'Wheel Speed FL' [mph] -'Ground Speed' [mph]" SampleRate="0" Unit=""/>
  <MathExpression Id="RF Wheel Spin" DisplayDPS="2" DisplayColorIndex="1" Interpolate="1" Script="'Wheel Speed FR' [mph] - 'Ground Speed' [mph]" SampleRate="0" Unit=""/>
  <MathExpression Id="LR Wheel Slip" DisplayUnit="%" DisplayDPS="2" DisplayColorIndex="2" Interpolate="1" Script="('Speed' [mph] -'Wheel Speed RL' [mph]) / 'Speed' [mph]" SampleRate="0" Unit="ratio"/>
  <MathExpression Id="RR Wheel Slip" DisplayUnit="%" DisplayDPS="2" DisplayColorIndex="3" Interpolate="1" Script="('Speed' [mph]-'Wheel Speed FR' [mph])/'Speed' [mph]" SampleRate="0" Unit="ratio"/>
  <MathExpression Id="DistCGX" DisplayDPS="2" DisplayColorIndex="1" Interpolate="1" Script="'NextGenWheelBase' [] * 'CarSetup_Chassis_Front_NoseWeight' [%] * .0001" SampleRate="0" Unit=""/>
  <MathExpression Id="DistCGY" DisplayDPS="2" DisplayColorIndex="2" Interpolate="1" Script="'NextGenTrackWidth' []* .0005" SampleRate="0" Unit=""/>
  <MathExpression Id="Tire Velocity X From Yaw" DisplayUnit="deg" DisplayDPS="2" DisplayColorIndex="3" Interpolate="1" Script="'Yaw Rate' [deg/s] * 'DistCGY'" SampleRate="0" Unit="deg"/>
  <MathExpression Id="Tire Velocity Y From Yaw" DisplayUnit="deg" DisplayDPS="2" DisplayColorIndex="4" Interpolate="1" Script="'Yaw Rate' [deg/s] * 'DistCGX'" SampleRate="0" Unit="deg"/>
  <MathExpression Id="Tire Velocity Total X" DisplayUnit="mph" DisplayDPS="2" DisplayColorIndex="6" Interpolate="1" Script="('VelocityX' [m/s] * 'MeterSecondsToMPH' []) + 'Tire Velocity X From Yaw' [deg]" SampleRate="0" Unit="mph"/>
  <MathExpression Id="Tire Velocity Total Y" DisplayDPS="2" DisplayColorIndex="0" Interpolate="1" Script="( 'VelocityY' [m/s] * 'MeterSecondsToMPH' []) + 'Tire Velocity Y From Yaw' [deg]" SampleRate="0" Unit=""/>
  <MathExpression Id="Toe Degrees LF" DisplayUnit="deg" DisplayDPS="2" DisplayColorIndex="1" Interpolate="1" Script="asin(  'Toe Setting LF' [in]  / 'NextGenTireDiameterFront' [in] ) *  180/'Pi' []" SampleRate="0" Unit="deg"/>
  <MathExpression Id="Toe Degrees RF" DisplayUnit="deg" DisplayDPS="2" DisplayColorIndex="3" Interpolate="1" Script="asin(  'Toe Setting RF' [in]   / 'NextGenTireDiameterFront' [in] ) *  180/'Pi' []" SampleRate="0" Unit="deg"/>
  <MathExpression Id="Slip Angle LF" DisplayUnit="deg" DisplayDPS="2" DisplayColorIndex="5" Interpolate="1" Script="  -(atan  ( ( 'Tire Velocity Total Y' / 'Tire Velocity Total X' [mph]) *180/'Pi' []) - 'Toe Degrees LF' [deg] - 'Steering Wheel Angle' [deg])" SampleRate="0" Unit="deg"/>
  <MathExpression Id="Slip Angle RF" DisplayUnit="deg" DisplayDPS="2" DisplayColorIndex="6" Interpolate="1" Script="  -(atan  ( ( 'Tire Velocity Total Y' / 'Tire Velocity Total X' [mph]) *180/'Pi' []) - 'Toe Degrees RF' [deg] - 'Steering Wheel Angle' [deg])" SampleRate="0" Unit="deg"/>
  <MathExpression Id="Slip Angle Car" DisplayUnit="deg" DisplayDPS="2" DisplayColorIndex="0" Interpolate="1" Script="(atan(( -'VelocityY' [m/s] * 'MeterSecondsToMPH' []) / ('VelocityX' [m/s] * 'MeterSecondsToMPH' []) *180/'Pi' []))" SampleRate="0" Unit="rad"/>
  <MathExpression Id="RF Ride Height" DisplayUnit="in" DisplayDPS="2" DisplayColorIndex="0" Interpolate="1" Script="'Ride Height FR' [in]" SampleRate="0" Unit="in"/>
  <MathExpression Id="LF Ride Height" DisplayUnit="in" DisplayDPS="2" DisplayColorIndex="1" Interpolate="1" Script="'Ride Height FL' [in]" SampleRate="0" Unit="in"/>
  <MathExpression Id="FS Height" DisplayUnit="in" DisplayDPS="2" DisplayColorIndex="2" Interpolate="1" Script="'Ride Height FS' [in]" SampleRate="0" Unit="in"/>
  <MathExpression Id="RR Ride Height" DisplayUnit="in" DisplayDPS="2" DisplayColorIndex="3" Interpolate="1" Script="'RRrideHeight' [in]" SampleRate="0" Unit="in"/>
  <MathExpression Id="LR Ride Height" DisplayUnit="in" DisplayDPS="2" DisplayColorIndex="4" Interpolate="1" Script="'Ride Height RL' [in]" SampleRate="0" Unit="in"/>
  <MathExpression Id="Horsepower" DisplayDPS="2" DisplayColorIndex="6" Interpolate="1" Script="'ThermalEfficiency' [] * 'FuelUsePerHour' [kg/h] * 'Kg2Pounds' [] * 'Engine_BTU_EQ_Reducer' []" SampleRate="0" Unit=""/>
  <MathExpression Id="Brake Specific Fuel Consumption" DisplayDPS="2" DisplayColorIndex="7" Interpolate="1" Script="('FuelUsePerHour' [kg/h] * 'Kg2Pounds' [])/ 'Horsepower'" SampleRate="0" Unit=""/>
  <MathExpression Id="Engine Torque" DisplayDPS="2" DisplayColorIndex="1" Interpolate="1" Script="('Horsepower' * 5252) / 'RPM' [rpm]" SampleRate="0" Unit=""/>
  <MathExpression Id="Side Rake" DisplayUnit="in" DisplayDPS="2" DisplayColorIndex="2" Interpolate="1" Script="((('Ride Height RR' [in] - 'Ride Height FR' [in]) / 2 ) + 'Ride Height FR' [in]) - ((('Ride Height RL' [in] - 'Ride Height FL' [in] ) / 2 ) + 'Ride Height FL' [in])

" SampleRate="0" Unit="in"/>
  <MathExpression Id="Rear Center Height" DisplayUnit="in" DisplayDPS="2" DisplayColorIndex="3" Interpolate="1" Script="(('Ride Height RR' [in] - 'Ride Height RL' [in]) /2 + 'Ride Height RL' [in])  " SampleRate="0" Unit="in"/>
  <MathExpression Id="Smooth Center Rake" DisplayUnit="in" DisplayDPS="2" DisplayColorIndex="4" Interpolate="1" Script="smooth('Center Rake' [in], 20)" SampleRate="0" Unit="in"/>
  <MathExpression Id="Smooth FS Height" DisplayUnit="in" DisplayDPS="2" DisplayColorIndex="5" Interpolate="1" Script="smooth('FS Height' [in], 20)" SampleRate="0" Unit="in"/>
  <MathExpression Id="Smooth Side Rake" DisplayUnit="in" DisplayDPS="2" DisplayColorIndex="6" Interpolate="1" Script="smooth('Side Rake' [in], 20)" SampleRate="0" Unit="in"/>
  <MathExpression Id="Gear Ratio" DisplayDPS="2" DisplayColorIndex="3" Interpolate="1" Script="'CarSetup_Chassis_Rear_FinalDriveRatio'" SampleRate="0" Unit=""/>
  <MathExpression Id="Front Center RH" DisplayUnit="in" DisplayDPS="2" DisplayColorIndex="2" Interpolate="1" Script="('Ride Height FR' [in] - 'Ride Height FL' [in]) / 2 + 'Ride Height FL' [in]" SampleRate="0" Unit="in"/>
  <MathExpression Id="Rear Center RH" DisplayUnit="in" DisplayDPS="2" DisplayColorIndex="3" Interpolate="1" Script="('Ride Height RR' [in] - 'Ride Height RL' [in]) / 2 + 'Ride Height RL' [in]" SampleRate="0" Unit="in"/>
  <MathExpression Id="Diffuser Base Volume" DisplayUnit="cft" DisplayDPS="2" DisplayColorIndex="1" Interpolate="1" Script="('Front Center RH' [in] * 'NextGenWheelBase' [in] * 'NextGenTrackWidth' [in]) / 'CubicInch2CubicFt' []" SampleRate="0" Unit="cft"/>
  <MathExpression Id="Diffuser Wedge Volume" DisplayUnit="cft" DisplayDPS="2" DisplayColorIndex="1" Interpolate="1" Script="('NextGenTrackWidth' [in] * ('Rear Center RH' [in] - 'Front Center RH' [in]) * sqrt(sqr('NextGenWheelBase' [in])  + sqr('Rear Center RH' [in] - 'Front Center RH' [in]) / 2 )) / 'CubicInch2CubicFt' []" SampleRate="0" Unit="cft"/>
  <MathExpression Id="Diffuser Volume" DisplayUnit="cft" DisplayDPS="2" DisplayColorIndex="5" Interpolate="1" Script="'Diffuser Base Volume' [cft] + 'Diffuser Wedge Volume' [cft]" SampleRate="0" Unit="cft"/>
  <MathExpression Id="Diffuser Volume to Speed Ratio" DisplayUnit="ratio" DisplayDPS="2" DisplayColorIndex="6" Interpolate="1" Script="'Diffuser Volume' [cft] /'Ground Speed' [mph] * 100" SampleRate="0" Unit="ratio"/>
  <MathExpression Id="Smooth Diffuser Volume" DisplayUnit="cft" DisplayDPS="2" DisplayColorIndex="7" Interpolate="1" Script="smooth('Diffuser Volume' [cft], 20)" SampleRate="0" Unit="cft"/>
  <MathExpression Id="Smooth Diffuser Speed 2 Volume Ratio" DisplayUnit="%" DisplayDPS="2" DisplayColorIndex="0" Interpolate="1" Script="smooth('Diffuser Volume to Speed Ratio' [%], 20)" SampleRate="0" Unit="%"/>
  <MathExpression Id="Avg Power" DisplayDPS="2" DisplayColorIndex="5" Interpolate="1" Script="('Horsepower' + 'Engine Torque') / 2" SampleRate="0" Unit=""/>
  <MathExpression Id="Smooth Front Center Height" DisplayUnit="in" DisplayDPS="2" DisplayColorIndex="3" Interpolate="1" Script="smooth('Front Center RH' [in], 20)" SampleRate="0" Unit="in"/>
  <MathExpression Id="Smooth Diffuser Wedge" DisplayDPS="2" DisplayColorIndex="0" Interpolate="1" Script="smooth('Diffuser Wedge Volume' [cft], 20)" SampleRate="0" Unit=""/>
  <MathExpression Id="Smooth Diffuser Base" DisplayUnit="cft" DisplayDPS="2" DisplayColorIndex="0" Interpolate="1" Script="smooth('Diffuser Base Volume' [cft], 20)" SampleRate="0" Unit="cft"/>
  <MathExpression Id="CenterLineCOG" DisplayUnit="in" DisplayDPS="1" DisplayColorIndex="1" Interpolate="1" Script="('NextGenTrackWidth' [in]/2) -('NextGenTrackWidth' [in]  * ('Left Dist' [%]/ 100))" SampleRate="0" Unit="in"/>
  <MathExpression Id="FrontToRearCOG" DisplayUnit="in" DisplayDPS="2" DisplayColorIndex="2" Interpolate="1" Script="('NextGenWheelBase' [in] / 2) - ('NextGenWheelBase' [in] * ('CarSetup_Chassis_Front_NoseWeight' [%] / 100))" SampleRate="0" Unit="in"/>
  <MathExpression Id="COGHeight" DisplayUnit="in" DisplayDPS="2" DisplayColorIndex="3" Interpolate="1" Script="'Front Center Static Ride Height' [in] + 'NextGenCamShaftHeight' []" SampleRate="0" Unit="in"/>
  <MathExpression Id="GforceTotal" DisplayUnit="N" DisplayDPS="2" DisplayColorIndex="0" Interpolate="1" EnumerationName="" Script="'G Force Lat' [G]/'G Force Long' [G]" SampleRate="0" Unit="N"/>
 </MathItems>
</Maths>
