<?xml version="1.0"?>
<Overrides Locale="English_United States.1252" DefaultLocale="C">
 <Override Id="Air Temp Inlet" DisplayMax="332.149993999999992" DisplayMin="272.149993999999992" AutoScale="0"/>
 <Override Id="Bat Volts ADL" DisplayMax="15.000000000000000" DisplayMin="10.000000000000000" AutoScale="0"/>
 <Override Id="Brake" DisplayDPS="0"/>
 <Override Id="CFSRrideHeight" DisplayDPS="2" DisplayUnit="in" DisplayColorIndex="2"/>
 <Override Id="CarSetup_Chassis_FrontArb_Attach" DisplayDPS="0"/>
 <Override Id="CarSetup_Chassis_FrontArb_LinkSlack" DisplayDPS="3" DisplayUnit="in"/>
 <Override Id="CarSetup_Chassis_FrontArb_Preload" DisplayDPS="1" DisplayUnit="ft.lbf"/>
 <Override Id="CarSetup_Chassis_Front_BallastForward" DisplayDPS="1" DisplayUnit="in"/>
 <Override Id="CarSetup_Chassis_Front_FrontBrakeBias" DisplayDPS="1"/>
 <Override Id="CarSetup_Chassis_Front_FrontMc" DisplayUnit="in"/>
 <Override Id="CarSetup_Chassis_Front_RearMc" DisplayUnit="in"/>
 <Override Id="CarSetup_Chassis_Front_SteeringOffset" DisplayDPS="0"/>
 <Override Id="CarSetup_Chassis_Front_SteeringRatio" DisplayDPS="1"/>
 <Override Id="CarSetup_Chassis_LeftFront_Camber" DisplayDPS="1"/>
 <Override Id="CarSetup_Chassis_LeftFront_SpringPerchOffset" DisplayDPS="3" DisplayUnit="in"/>
 <Override Id="CarSetup_Chassis_LeftFront_ToeIn" DisplayUnit="in"/>
 <Override Id="CarSetup_Chassis_LeftRear_Camber" DisplayDPS="1"/>
 <Override Id="CarSetup_Chassis_LeftRear_SpringPerchOffset" DisplayDPS="3" DisplayUnit="in"/>
 <Override Id="CarSetup_Chassis_LeftRear_TrackBarHeight" DisplayDPS="3" DisplayUnit="in"/>
 <Override Id="CarSetup_Chassis_Rear_DiffPreload" DisplayUnit="ft.lbf" DisplayDPS="0"/>
 <Override Id="CarSetup_Chassis_RightFront_Camber" DisplayDPS="1"/>
 <Override Id="CarSetup_Chassis_RightFront_SpringPerchOffset" DisplayDPS="3" DisplayUnit="in"/>
 <Override Id="CarSetup_Chassis_RightRear_Camber" DisplayDPS="1"/>
 <Override Id="CarSetup_Chassis_RightRear_SpringPerchOffset" DisplayDPS="3" DisplayUnit="in"/>
 <Override Id="CarSetup_Chassis_RightRear_TrackBarHeight" DisplayDPS="3" DisplayUnit="in"/>
 <Override Id="CarSetup_Chassis_RightRear_TruckArmPreload" DisplayDPS="1" DisplayUnit="ft.lbf"/>
 <Override Id="Center Rake" AutoScale="1" DisplayColorIndex="2" DisplayMin="-0.002539998628401" DisplayMax="0.025399986284007" WarnMin="0.000000000000000"/>
 <Override Id="CenterLineCOG" AutoScale="0" DisplayMin="-1.003299458218293" DisplayMax="1.003299458218293"/>
 <Override Id="Corr Speed" DisplayMax="69.291209046660256" DisplayUnit="mph" DisplayMin="0.000000000000000" DisplayColorIndex="7" AutoScale="0"/>
 <Override Id="Damper Pos FL" DisplayDPS="2"/>
 <Override Id="Damper Pos FR" DisplayDPS="2"/>
 <Override Id="Damper Pos RL" DisplayDPS="2"/>
 <Override Id="Damper Pos RR" DisplayDPS="2"/>
 <Override Id="Diffuser Base Volume" DisplayColorIndex="7"/>
 <Override Id="Diffuser Effciency" DisplayDPS="2"/>
 <Override Id="Diffuser Volume" DisplayColorIndex="2"/>
 <Override Id="Diffuser Wedge Volume" DisplayColorIndex="1"/>
 <Override Id="Eng Oil Pres" DisplayMax="600000.000000000000000" DisplayMin="0.000000000000000" AutoScale="0"/>
 <Override Id="Eng Oil Temp" DisplayMax="382.038888888888948" DisplayUnit="F" DisplayMin="272.038888888888891" DisplayColorIndex="7" AutoScale="0" DisplayDPS="0"/>
 <Override Id="Engine RPM" DisplayMax="1047.197551198102246" DisplayMin="0.000000000000000" AutoScale="0" DisplayColorIndex="7" DisplayDPS="0"/>
 <Override Id="Engine Temp" DisplayMax="382.149993999999992" DisplayMin="272.149993999999992" AutoScale="0"/>
 <Override Id="Front Brake Bias" DisplayDPS="1"/>
 <Override Id="Front Center RH" DisplayColorIndex="2"/>
 <Override Id="Front Tires Temp Avg" DisplayColorIndex="4"/>
 <Override Id="FrontToRearCOG" DisplayDPS="1" AutoScale="0" DisplayMin="-0.253999862840074" DisplayMax="0.253999862840074"/>
 <Override Id="Fuel Level" DisplayDPS="1" DisplayUnit="USgal" DisplayColorIndex="4"/>
 <Override Id="Fuel Pres" DisplayMax="600000.000000000000000" DisplayMin="0.000000000000000" AutoScale="0"/>
 <Override Id="G Force Lat" DisplayMax="29.419956144652041" DisplayMin="-29.419956144652041" AutoScale="0" DisplayDPS="2"/>
 <Override Id="G Force Long" DisplayMax="14.709978000000000" DisplayMin="-14.709978000000000" AutoScale="0"/>
 <Override Id="G Force Vert" DisplayDPS="2"/>
 <Override Id="Ground Speed" DisplayDPS="1" DisplayUnit="mph" DisplayColorIndex="0"/>
 <Override Id="Horsepower" DisplayColorIndex="4"/>
 <Override Id="Inverted Side Rake" DisplayColorIndex="7"/>
 <Override Id="LF Caster" DisplayDPS="1"/>
 <Override Id="LF Ride Height" AutoScale="1" DisplayMin="-0.006349996571002" DisplayMax="0.076199958852022" WarnMin="0.000000000000000"/>
 <Override Id="LF Weight" DisplayColorIndex="1"/>
 <Override Id="LF Wheel Spin" DisplayColorIndex="1" AutoScale="0" DisplayMin="-10.000000000000000" DisplayMax="10.000000000000000"/>
 <Override Id="LFSHshockDefl" DisplayDPS="2" DisplayUnit="in" DisplayColorIndex="1"/>
 <Override Id="LFSHshockVel" DisplayDPS="2" DisplayUnit="in/s" DisplayMin="-0.254000069291219" DisplayColorIndex="1" AutoScale="0" DisplayMax="0.254000069291219"/>
 <Override Id="LFbrakeLinePress" DisplayColorIndex="1" DisplayDPS="1"/>
 <Override Id="LFrideHeight" DisplayDPS="2" DisplayUnit="ft" DisplayColorIndex="1"/>
 <Override Id="LFshockDefl" DisplayDPS="2" DisplayMin="0.025399986284007" DisplayUnit="in" AutoScale="0" DisplayColorIndex="1" DisplayMax="0.101599945136030"/>
 <Override Id="LFshockVel" DisplayDPS="2" DisplayMin="-0.254000069291219" DisplayUnit="in/s" AutoScale="0" DisplayColorIndex="1" DisplayMax="0.254000069291219"/>
 <Override Id="LFtempCL" DisplayDPS="0" DisplayColorIndex="1" DisplayUnit="F"/>
 <Override Id="LFtempCM" DisplayDPS="0" DisplayUnit="F"/>
 <Override Id="LFtempCR" DisplayColorIndex="1" DisplayUnit="F" DisplayDPS="0"/>
 <Override Id="LFtempL" DisplayDPS="0" DisplayColorIndex="1" DisplayUnit="F"/>
 <Override Id="LFtempM" DisplayDPS="0" DisplayColorIndex="1" DisplayUnit="F"/>
 <Override Id="LFtempR" DisplayDPS="0" DisplayUnit="F"/>
 <Override Id="LFwearM" DisplayColorIndex="1" DisplayDPS="0"/>
 <Override Id="LR Ride Height" DisplayColorIndex="6" AutoScale="1" DisplayMin="-0.006349996571002" DisplayMax="0.076199958852022" WarnMin="0.000000000000000"/>
 <Override Id="LR Wheel Slip" AutoScale="0" DisplayMin="-0.100000000000000" DisplayMax="0.100000000000000"/>
 <Override Id="LR Wheel Spin" DisplayColorIndex="6" AutoScale="0" DisplayMin="-10.000000000000000" DisplayMax="10.000000000000000"/>
 <Override Id="LRSHshockDefl" DisplayDPS="2" DisplayUnit="in" DisplayColorIndex="6"/>
 <Override Id="LRSHshockVel" DisplayDPS="2" DisplayUnit="in/s" DisplayMin="-0.254000069291219" DisplayColorIndex="6" AutoScale="0" DisplayMax="0.254000069291219"/>
 <Override Id="LRrideHeight" DisplayDPS="2" DisplayUnit="in" DisplayColorIndex="6"/>
 <Override Id="LRshockDefl" DisplayDPS="2" DisplayUnit="in" DisplayMin="0.025399986284007" DisplayColorIndex="5" AutoScale="0" DisplayMax="0.101599945136030"/>
 <Override Id="LRshockVel" DisplayDPS="2" DisplayMin="-0.254000069291219" DisplayUnit="in/s" AutoScale="0" DisplayColorIndex="5" DisplayMax="0.254000069291219"/>
 <Override Id="LRtempCL" DisplayDPS="0" DisplayColorIndex="6" DisplayUnit="F"/>
 <Override Id="LRtempCM" DisplayDPS="0" DisplayUnit="F" DisplayColorIndex="6"/>
 <Override Id="LRtempCR" DisplayDPS="0" DisplayColorIndex="6" DisplayUnit="F"/>
 <Override Id="LRtempL" DisplayDPS="0" DisplayColorIndex="7" DisplayUnit="F"/>
 <Override Id="LRtempM" DisplayDPS="0" DisplayColorIndex="7" DisplayUnit="F"/>
 <Override Id="LRtempR" DisplayDPS="0" DisplayColorIndex="7" DisplayUnit="F"/>
 <Override Id="LRwearM" DisplayColorIndex="4"/>
 <Override Id="Lambda 1" DisplayMax="1.100000000000000" DisplayMin="0.800000000000000" AutoScale="0"/>
 <Override Id="Lambda 2" DisplayMax="1.100000000000000" DisplayMin="0.800000000000000" AutoScale="0"/>
 <Override Id="LeftToRightCOGLine" DisplayDPS="1"/>
 <Override Id="Manifold Pres" DisplayMax="249999.984375000000000" DisplayMin="0.000000000000000" AutoScale="0"/>
 <Override Id="NextGen Downforce" DisplayColorIndex="1" DisplayDPS="0"/>
 <Override Id="NextGen Rake Angle" DisplayDPS="2"/>
 <Override Id="Oversteer" DisplayMax="0.100007367034839" DisplayMin="-0.100007367034839" DisplayUnit="deg" AutoScale="0"/>
 <Override Id="RF Caster" DisplayDPS="1"/>
 <Override Id="RF Ride Height" DisplayColorIndex="4" AutoScale="1" DisplayMin="-0.006349996571002" DisplayMax="0.076199958852022" WarnMin="0.000000000000000"/>
 <Override Id="RF Spring" DisplayDPS="0"/>
 <Override Id="RF Wheel Spin" DisplayColorIndex="4" AutoScale="0" DisplayMin="-10.000000000000000" DisplayMax="10.000000000000000"/>
 <Override Id="RFSHshockDefl" DisplayDPS="2" DisplayUnit="in" DisplayColorIndex="4"/>
 <Override Id="RFSHshockVel" DisplayDPS="2" DisplayUnit="in/s" DisplayMin="-0.254000069291219" DisplayColorIndex="4" AutoScale="0" DisplayMax="0.254000069291219"/>
 <Override Id="RFrideHeight" DisplayDPS="2" DisplayUnit="in" DisplayColorIndex="4"/>
 <Override Id="RFshockDefl" DisplayDPS="2" DisplayUnit="in" DisplayMin="0.025399986284007" DisplayColorIndex="4" AutoScale="0" DisplayMax="0.088899951994026"/>
 <Override Id="RFshockVel" DisplayDPS="2" DisplayMin="-0.254000069291219" DisplayUnit="in/s" DisplayColorIndex="4" AutoScale="0" DisplayMax="0.254000069291219"/>
 <Override Id="RFtempCL" DisplayDPS="0" DisplayColorIndex="4" DisplayUnit="F"/>
 <Override Id="RFtempCM" DisplayDPS="0" DisplayColorIndex="4" DisplayUnit="F"/>
 <Override Id="RFtempCR" DisplayDPS="1" DisplayUnit="F" DisplayColorIndex="4"/>
 <Override Id="RFtempL" DisplayDPS="0" DisplayColorIndex="5" DisplayUnit="F"/>
 <Override Id="RFtempM" DisplayDPS="0" DisplayUnit="F" DisplayColorIndex="5"/>
 <Override Id="RFtempR" DisplayDPS="0" DisplayColorIndex="5" DisplayUnit="F"/>
 <Override Id="RFwearM" DisplayDPS="0" DisplayColorIndex="4"/>
 <Override Id="RPM" DisplayDPS="0"/>
 <Override Id="RR Ride Height" AutoScale="1" DisplayMin="-0.006349996571002" DisplayMax="0.076199958852022" WarnMin="0.000000000000000"/>
 <Override Id="RR Wheel Slip" AutoScale="0" DisplayMin="-0.100000000000000" DisplayMax="0.100000000000000"/>
 <Override Id="RR Wheel Spin" DisplayColorIndex="3" AutoScale="0" DisplayMin="-10.000000000000000" DisplayMax="10.000000000000000"/>
 <Override Id="RRSHshockDefl" DisplayDPS="2" DisplayUnit="in"/>
 <Override Id="RRSHshockVel" DisplayDPS="2" DisplayUnit="in/s" DisplayMin="-0.254000069291219" AutoScale="0" DisplayMax="0.254000069291219"/>
 <Override Id="RRbrakeLinePress" DisplayDPS="1"/>
 <Override Id="RRrideHeight" DisplayDPS="2" DisplayMin="-0.006349996571002" DisplayUnit="in" AutoScale="1" DisplayMax="0.101599945136030"/>
 <Override Id="RRshockDefl" DisplayDPS="2" DisplayMin="0.025399986284007" DisplayUnit="in" AutoScale="0" DisplayColorIndex="3" DisplayMax="0.101599945136030"/>
 <Override Id="RRshockVel" DisplayDPS="2" DisplayMin="-0.254000069291219" DisplayUnit="in/s" AutoScale="0" DisplayColorIndex="3" DisplayMax="0.254000069291219"/>
 <Override Id="RRtempCL" DisplayDPS="0" DisplayUnit="F"/>
 <Override Id="RRtempCM" DisplayDPS="0" DisplayUnit="F"/>
 <Override Id="RRtempCR" DisplayDPS="0" DisplayUnit="F"/>
 <Override Id="RRtempL" DisplayDPS="0" DisplayUnit="F"/>
 <Override Id="RRtempM" DisplayDPS="0" DisplayUnit="F"/>
 <Override Id="RRtempR" DisplayDPS="0" DisplayUnit="F"/>
 <Override Id="Rear Center RH" DisplayColorIndex="2"/>
 <Override Id="Rear Tires Temp Avg" DisplayColorIndex="5"/>
 <Override Id="Ride Height FL" DisplayDPS="2" DisplayUnit="in" DisplayMin="-0.006349996571002" DisplayColorIndex="1" AutoScale="1" DisplayMax="0.101599945136030" WarnMin="0.000000000000000"/>
 <Override Id="Ride Height FR" DisplayDPS="2" DisplayUnit="in" DisplayMin="-0.006349996571002" DisplayColorIndex="5" AutoScale="1" DisplayMax="0.101599945136030" WarnMin="0.000000000000000"/>
 <Override Id="Ride Height FS" DisplayDPS="2" DisplayUnit="in" DisplayMin="-0.006349996571002" AutoScale="0" DisplayMax="0.076199958852022" WarnMin="0.000000000000000"/>
 <Override Id="Ride Height RL" DisplayDPS="2" DisplayUnit="in" DisplayMin="-0.006349996571002" AutoScale="1" DisplayColorIndex="7" DisplayMax="0.101599945136030" WarnMin="0.000000000000000"/>
 <Override Id="Ride Height RR" DisplayDPS="2" DisplayUnit="in" DisplayMin="-0.006349996571002" AutoScale="1" DisplayMax="0.101599945136030" WarnMin="0.000000000000000"/>
 <Override Id="Roll" DisplayDPS="2" DisplayUnit="deg" DisplayColorIndex="1"/>
 <Override Id="RollRate" DisplayUnit="deg/s" DisplayMin="-0.174532926762371" DisplayDPS="2" AutoScale="0" DisplayMax="0.174532926762371"/>
 <Override Id="Side Rake" DisplayColorIndex="7"/>
 <Override Id="Smooth Center Rake" DisplayColorIndex="2"/>
 <Override Id="Smooth Diffuser Base" AutoScale="0" DisplayMin="-0.500000000000000" DisplayMax="6.000000000000000"/>
 <Override Id="Smooth Diffuser Speed 2 Volume Ratio" DisplayUnit="ratio"/>
 <Override Id="Smooth Diffuser Volume" AutoScale="0" DisplayColorIndex="5" DisplayMin="0.000000000000000" DisplayMax="0.283168463686774"/>
 <Override Id="Smooth Diffuser Wedge" AutoScale="0" DisplayMin="-0.500000000000000" DisplayMax="4.000000000000000"/>
 <Override Id="Smooth FS Height" DisplayColorIndex="2"/>
 <Override Id="Smooth Roll Rate" DisplayColorIndex="7"/>
 <Override Id="Smooth Side Rake" DisplayColorIndex="1"/>
 <Override Id="Speed" DisplayUnit="mph" DisplayDPS="1"/>
 <Override Id="Steer Angle" DisplayColorIndex="2"/>
 <Override Id="Steered Angle" DisplayMax="0.174533000000000" DisplayMin="-0.174533000000000" AutoScale="0"/>
 <Override Id="Steering Wheel Angle" DisplayDPS="0" DisplayMin="-1.570796340861340" DisplayUnit="deg" AutoScale="0" DisplayMax="1.570796340861340"/>
 <Override Id="Steering Wheel Torque" DisplayDPS="2" DisplayUnit="ft.lbf"/>
 <Override Id="Susp Pos FL" DisplayDPS="2"/>
 <Override Id="Susp Pos FR" DisplayDPS="2"/>
 <Override Id="Susp Pos RL" DisplayDPS="2"/>
 <Override Id="Susp Pos RR" DisplayDPS="2"/>
 <Override Id="Throttle" DisplayDPS="0"/>
 <Override Id="Throttle Pos" DisplayMax="1.000000000000000" DisplayMin="0.000000000000000" AutoScale="0"/>
 <Override Id="Truck Rake Angle" DisplayUnit="deg"/>
 <Override Id="Tyre Pres FL" DisplayUnit="psi" DisplayDPS="1"/>
 <Override Id="Tyre Temp FL Centre" DisplayColorIndex="1" DisplayDPS="0" DisplayUnit="F"/>
 <Override Id="Tyre Temp FL Inner" DisplayColorIndex="1" DisplayDPS="0" DisplayUnit="F"/>
 <Override Id="Tyre Temp FL Outer" DisplayColorIndex="1" DisplayDPS="0" DisplayUnit="F"/>
 <Override Id="Tyre Temp FR Centre" DisplayDPS="0" DisplayUnit="F"/>
 <Override Id="Tyre Temp FR Inner" DisplayColorIndex="4" DisplayDPS="0" DisplayUnit="F"/>
 <Override Id="Tyre Temp FR Outer" DisplayColorIndex="4" DisplayDPS="0" DisplayUnit="F"/>
 <Override Id="Tyre Temp RL Centre" DisplayDPS="0" DisplayUnit="F"/>
 <Override Id="Tyre Temp RL Inner" DisplayDPS="0" DisplayUnit="F"/>
 <Override Id="Tyre Temp RL Outer" DisplayDPS="0" DisplayUnit="F"/>
 <Override Id="Tyre Temp RR Centre" DisplayUnit="F" DisplayDPS="0"/>
 <Override Id="Tyre Temp RR Inner" DisplayDPS="0" DisplayUnit="F"/>
 <Override Id="Tyre Temp RR Outer" DisplayDPS="0" DisplayUnit="F"/>
 <Override Id="VertAccel" DisplayDPS="2" AutoScale="0" DisplayMin="-29.419956144652041" DisplayMax="29.419956144652041"/>
 <Override Id="WaterTemp" DisplayDPS="0" DisplayUnit="F"/>
 <Override Id="Wheel Speed FL" DisplayUnit="mph" DisplayDPS="1" DisplayColorIndex="1"/>
 <Override Id="Wheel Speed FR" DisplayUnit="mph" DisplayDPS="1"/>
 <Override Id="Wheel Speed RL" DisplayDPS="1" DisplayUnit="mph"/>
 <Override Id="Wheel Speed RR" DisplayDPS="1" DisplayUnit="mph"/>
</Overrides>
