<?xml version="1.0"?>
<Overrides Locale="English_United States.1252" DefaultLocale="C">
 <Override Id="Air Temp Inlet" DisplayMax="332.149993999999992" DisplayMin="272.149993999999992" AutoScale="0"/>
 <Override Id="Bat Volts ADL" DisplayMax="15.000000000000000" DisplayMin="10.000000000000000" AutoScale="0"/>
 <Override Id="Brake" DisplayDPS="0"/>
 <Override Id="CFSRrideHeight" DisplayDPS="2" DisplayUnit="in"/>
 <Override Id="Corr Speed" DisplayMax="69.291209046660256" DisplayUnit="mph" DisplayMin="0.000000000000000" AutoScale="0"/>
 <Override Id="Damper Pos FL" DisplayDPS="2"/>
 <Override Id="Damper Pos FR" DisplayDPS="2"/>
 <Override Id="Damper Pos RL" DisplayDPS="2"/>
 <Override Id="Damper Pos RR" DisplayDPS="2"/>
 <Override Id="Eng Oil Pres" DisplayMax="600000.000000000000000" DisplayMin="0.000000000000000" AutoScale="0"/>
 <Override Id="Eng Oil Temp" DisplayMax="382.038888888888948" DisplayUnit="F" DisplayMin="272.038888888888891" DisplayColorIndex="7" AutoScale="0" DisplayDPS="0"/>
 <Override Id="Engine RPM" DisplayMax="1047.197551198102246" DisplayMin="0.000000000000000" AutoScale="0" DisplayDPS="0"/>
 <Override Id="Engine Temp" DisplayMax="382.149993999999992" DisplayMin="272.149993999999992" AutoScale="0"/>
 <Override Id="Fuel Pres" DisplayMax="600000.000000000000000" DisplayMin="0.000000000000000" AutoScale="0"/>
 <Override Id="G Force Lat" DisplayMax="19.613303999999999" DisplayMin="-19.613303999999999" AutoScale="0"/>
 <Override Id="G Force Long" DisplayMax="14.709978000000000" DisplayMin="-14.709978000000000" AutoScale="0"/>
 <Override Id="Ground Speed" DisplayDPS="0" DisplayUnit="mph"/>
 <Override Id="LFSHshockDefl" DisplayDPS="2" DisplayUnit="in"/>
 <Override Id="LR Wheel Spin" DisplayColorIndex="6"/>
 <Override Id="LRSHshockDefl" DisplayDPS="2" DisplayUnit="in"/>
 <Override Id="Lambda 1" DisplayMax="1.100000000000000" DisplayMin="0.800000000000000" AutoScale="0"/>
 <Override Id="Lambda 2" DisplayMax="1.100000000000000" DisplayMin="0.800000000000000" AutoScale="0"/>
 <Override Id="LapCurrentLapTime" DisplayDPS="3"/>
 <Override Id="Manifold Pres" DisplayMax="249999.984375000000000" DisplayMin="0.000000000000000" AutoScale="0"/>
 <Override Id="Oversteer" DisplayMax="0.104720000000000" DisplayMin="-0.104720000000000" AutoScale="0"/>
 <Override Id="RFSHshockDefl" DisplayDPS="2" DisplayUnit="in"/>
 <Override Id="RPM" DisplayDPS="0"/>
 <Override Id="RR Wheel Spin" DisplayColorIndex="3"/>
 <Override Id="RRSHshockDefl" DisplayDPS="2" DisplayUnit="in"/>
 <Override Id="Ride Height FL" DisplayDPS="2" DisplayUnit="in" DisplayMin="-0.005079997256801" DisplayColorIndex="1" AutoScale="0" DisplayMax="0.152399917704044"/>
 <Override Id="Ride Height FR" DisplayDPS="2" DisplayUnit="in" DisplayMin="-0.006349996571002" DisplayColorIndex="3" AutoScale="0" DisplayMax="0.177799903988052"/>
 <Override Id="Ride Height FS" DisplayDPS="2" DisplayUnit="in" DisplayMin="-0.002539998628401" AutoScale="0" DisplayMax="0.076199958852022"/>
 <Override Id="Ride Height RL" DisplayDPS="2" DisplayUnit="in"/>
 <Override Id="Ride Height RR" DisplayDPS="2" DisplayUnit="in"/>
 <Override Id="Speed" DisplayDPS="1" DisplayUnit="mph"/>
 <Override Id="Steered Angle" DisplayMax="0.174533000000000" DisplayMin="-0.174533000000000" AutoScale="0"/>
 <Override Id="Steering Wheel Angle" DisplayDPS="0" DisplayUnit="deg"/>
 <Override Id="Throttle" DisplayDPS="0"/>
 <Override Id="Throttle Pos" DisplayMax="1.000000000000000" DisplayMin="0.000000000000000" AutoScale="0"/>
 <Override Id="Truck Downforce" DisplayDPS="0" AutoScale="0" DisplayMin="5337.866961672780235" DisplayMax="7561.978195703105484"/>
 <Override Id="Truck Rake Angle" DisplayUnit="deg"/>
 <Override Id="Tyre Temp FL Centre" DisplayColorIndex="1" DisplayDPS="0" DisplayUnit="F"/>
 <Override Id="Tyre Temp FL Inner" DisplayColorIndex="1" DisplayDPS="0" DisplayUnit="F"/>
 <Override Id="Tyre Temp FL Outer" DisplayColorIndex="1" DisplayDPS="0" DisplayUnit="F"/>
 <Override Id="Tyre Temp FR Centre" DisplayDPS="0" DisplayUnit="F"/>
 <Override Id="Tyre Temp FR Inner" DisplayColorIndex="4" DisplayDPS="0" DisplayUnit="F"/>
 <Override Id="Tyre Temp FR Outer" DisplayColorIndex="4" DisplayDPS="0" DisplayUnit="F"/>
 <Override Id="Tyre Temp RL Centre" DisplayDPS="0" DisplayUnit="F"/>
 <Override Id="Tyre Temp RL Inner" DisplayDPS="0" DisplayUnit="F"/>
 <Override Id="Tyre Temp RL Outer" DisplayDPS="0" DisplayUnit="F"/>
 <Override Id="Tyre Temp RR Centre" DisplayUnit="F" DisplayDPS="0"/>
 <Override Id="Tyre Temp RR Inner" DisplayDPS="0" DisplayUnit="F"/>
 <Override Id="Tyre Temp RR Outer" DisplayDPS="0" DisplayUnit="F"/>
 <Override Id="WaterTemp" DisplayDPS="0" DisplayUnit="F"/>
</Overrides>
